{"ITR":{"ITR2":{"CreationInfo":{"SWVersionNo":"R1","SWCreatedBy":"SW00112324","JSONCreatedBy":"SW00112324","JSONCreationDate":"2023-06-26","Digest":"GuVSUFRbZU+zHUcPLZNWG/ffQ2nGmjlBHBbjpvVNmEs=","IntermediaryCity":"Kolkata"},"Form_ITR2":{"FormName":"ITR-2","Description":"For Individuals and HUFs not having income from profits and gains of business or profession","AssessmentYear":"2023","SchemaVer":"Ver1.0","FormVer":"Ver1.0"},"PartA_GEN1":{"PersonalInfo":{"AssesseeName":{"FirstName":"Ivan","MiddleName":"Pio","SurNameOrOrgName":"Maestre Santos Suarez"},"Address":{"ResidenceNo":"3901","ResidenceName":"World Crest, The World Towers, Lodha Place","RoadOrStreet":"Senapati Bapat Marg","LocalityOrArea":"Upper Worli","CityOrTownOrDistrict":"400013","StateCode":"19","CountryCode":"91","PinCode":400013,"CountryCodeMobile":91,"MobileNo":7738188392,"EmailAddress":"IPMAESTRE@CINTRA.US","EmailAddressSec":"imaestress@gmail.com"},"PAN":"HOFPM8388F","DOB":"1976-10-01","Status":"I"},"FilingStatus":{"CompDirectorPrvYr":{"CompDirectorPrvYrDtls":[{"NameOfCompany":"CIINFRA INDIA PRIVATE LIMITED","CompanyType":"D","PAN":"AAKCC2680B","SharesTypes":"U","DIN":"09586805"}]},"ReturnFileSec":11,"NewTaxRegime":"N","SeventhProvisio139":"N","ResidentialStatus":"NOR","ConditionsResStatus":"3","BenefitUs115HFlg":"N","AsseseeRepFlg":"N","PortugeseCC5A":"N","FiiFpiFlag":"N","CompDirectorPrvYrFlg":"Y","HeldUnlistedEqShrPrYrFlg":"N"}},"ScheduleS":{"Salaries":[{"AddressDetail":{"AddrDetail":"REGUS PLATINA, 11F BKC,","CityOrTownOrDistrict":"Mumbai","StateCode":"19","PinCode":400051},"Salarys":{"NatureOfSalary":{"OthersIncDtls":[{"NatureDesc":"1","OthAmount":9458042},{"NatureDesc":"4","OthAmount":5034250},{"NatureDesc":"6","OthAmount":19382785},{"NatureDesc":"7","OthAmount":7569670},{"NatureDesc":"OTH","OthNatOfInc":"Bonus","OthAmount":2506893}]},"NatureOfPerquisites":{"OthersIncDtls":[{"NatureDesc":"2","OthAmount":33000},{"NatureDesc":"17","OthAmount":345151},{"NatureDesc":"OTH","OthNatOfInc":"Other benefits or amenities","OthAmount":22048877}]},"GrossSalary":66378668,"Salary":43951640,"ValueOfPerquisites":22427028,"ProfitsinLieuOfSalary":0,"IncomeNotified89A":0,"IncomeNotifiedOther89A":0,"IncomeNotifiedPrYr89A":0},"NameOfEmployer":"CIINFRA INDIA PRIVATE LIMITED","NatureOfEmployment":"OTH","TANofEmployer":"MUMC28455A"}],"AllwncExemptUs10":{"AllwncExemptUs10Dtls":[{"SalNatureDesc":"10(13A)","SalOthAmount":2881954}]},"TotalGrossSalary":66378668,"AllwncExtentExemptUs10":2881954,"Increliefus89A":0,"NetSalary":63496714,"DeductionUS16":52100,"DeductionUnderSection16ia":50000,"EntertainmntalwncUs16ii":0,"ProfessionalTaxUs16iii":2100,"TotIncUnderHeadSalaries":63444614},"ScheduleCGFor23":{"ShortTermCapGainFor23":{"NRITransacSec48Dtl":{"NRItaxSTTPaid":0,"NRItaxSTTNotPaid":0},"NRISecur115AD":{"DeductSec48":{"AquisitCost":0,"ImproveCost":0,"ExpOnTrans":0,"TotalDedn":0},"FullValueConsdRecvUnqshr":0,"FairMrktValueUnqshr":0,"FullValueConsdSec50CA":0,"FullValueConsdOthUnqshr":0,"FullConsideration":0,"BalanceCG":0,"LossSec94of7Or94of8":0,"CapgainonAssets":0},"SaleOnOtherAssets":{"DeductSec48":{"AquisitCost":0,"ImproveCost":0,"ExpOnTrans":0,"TotalDedn":0},"FullValueConsdRecvUnqshr":0,"FairMrktValueUnqshr":0,"FullValueConsdSec50CA":0,"FullValueConsdOthUnqshr":0,"FullConsideration":0,"BalanceCG":0,"LossSec94of7Or94of8":0,"CapgainonAssets":0},"UnutilizedStcgFlag":"X","TotalAmtDeemedStcg":0,"PassThrIncNatureSTCG":0,"PassThrIncNatureSTCG15Per":0,"PassThrIncNatureSTCG30Per":0,"PassThrIncNatureSTCGAppRate":0,"TotalAmtNotTaxUsDTAAStcg":0,"TotalAmtTaxUsDTAAStcg":0,"TotalSTCG":0},"LongTermCapGain23":{"SaleofBondsDebntr":{"DeductSec48":{"AquisitCost":0,"ImproveCost":0,"ExpOnTrans":0,"TotalDedn":0},"FullConsideration":0,"BalanceCG":0,"DeductionUs54F":0,"CapgainonAssets":0},"SaleOfEquityShareUs112A":{"BalanceCG":0,"DeductionUs54F":0,"CapgainonAssets":0},"NRIProvisoSec48":{"LTCGWithoutBenefit":0,"DeductionUs54F":0,"BalanceCG":0},"NRISaleOfEquityShareUs112A":{"BalanceCG":0,"DeductionUs54F":0,"CapgainonAssets":0},"NRISaleofForeignAsset":{"SaleonSpecAsset":0,"DednSpecAssetus115":0,"BalonSpeciAsset":0,"SaleOtherSpecAsset":0,"DednOtherSpecAssetus115":0,"BalOtherthanSpecAsset":0},"SaleofAssetNA":{"DeductSec48":{"AquisitCost":0,"ImproveCost":0,"ExpOnTrans":0,"TotalDedn":0},"FullValueConsdRecvUnqshr":0,"FairMrktValueUnqshr":0,"FullValueConsdSec50CA":0,"FullValueConsdOthUnqshr":0,"FullConsideration":0,"BalanceCG":0,"DeductionUs54F":0,"CapgainonAssets":0},"UnutilizedLtcgFlag":"X","TotalAmtDeemedLtcg":0,"PassThrIncNatureLTCG":0,"PassThrIncNatureLTCGUs112A":0,"PassThrIncNatureLTCG10Per":0,"PassThrIncNatureLTCG20Per":0,"TotalAmtNotTaxUsDTAALtcg":0,"TotalAmtTaxUsDTAALtcg":0,"TotalLTCG":0},"DeducClaimInfo":{"TotDeductClaim":0},"CurrYrLosses":{"InLossSetOff":{"StclSetoff15Per":0,"StclSetoff30Per":0,"StclSetoffAppRate":0,"StclSetoffDTAARate":0,"LtclSetOff10Per":0,"LtclSetOff20Per":0,"LtclSetOffDTAARate":0},"InStcg15Per":{"CurrYearIncome":0,"StclSetoff30Per":0,"StclSetoffAppRate":0,"StclSetoffDTAARate":0,"CurrYrCapGain":0},"InStcg30Per":{"CurrYearIncome":0,"StclSetoff15Per":0,"StclSetoffAppRate":0,"StclSetoffDTAARate":0,"CurrYrCapGain":0},"InStcgAppRate":{"CurrYearIncome":0,"StclSetoff15Per":0,"StclSetoff30Per":0,"StclSetoffDTAARate":0,"CurrYrCapGain":0},"InStcgDTAARate":{"CurrYearIncome":0,"StclSetoff15Per":0,"StclSetoff30Per":0,"StclSetoffAppRate":0,"CurrYrCapGain":0},"InLtcg10Per":{"CurrYearIncome":0,"StclSetoff15Per":0,"StclSetoff30Per":0,"StclSetoffAppRate":0,"StclSetoffDTAARate":0,"LtclSetOff20Per":0,"LtclSetOffDTAARate":0,"CurrYrCapGain":0},"InLtcg20Per":{"CurrYearIncome":0,"StclSetoff15Per":0,"StclSetoff30Per":0,"StclSetoffAppRate":0,"StclSetoffDTAARate":0,"LtclSetOff10Per":0,"LtclSetOffDTAARate":0,"CurrYrCapGain":0},"InLtcgDTAARate":{"CurrYearIncome":0,"StclSetoff15Per":0,"StclSetoff30Per":0,"StclSetoffAppRate":0,"StclSetoffDTAARate":0,"LtclSetOff10Per":0,"LtclSetOff20Per":0,"CurrYrCapGain":0},"TotLossSetOff":{"StclSetoff15Per":0,"StclSetoff30Per":0,"StclSetoffAppRate":0,"StclSetoffDTAARate":0,"LtclSetOff10Per":0,"LtclSetOff20Per":0,"LtclSetOffDTAARate":0},"LossRemainSetOff":{"StclSetoff15Per":0,"StclSetoff30Per":0,"StclSetoffAppRate":0,"StclSetoffDTAARate":0,"LtclSetOff10Per":0,"LtclSetOff20Per":0,"LtclSetOffDTAARate":0}},"AccruOrRecOfCG":{"ShortTermUnder15Per":{"DateRange":{"Upto15Of6":0,"Upto15Of9":0,"Up16Of9To15Of12":0,"Up16Of12To15Of3":0,"Up16Of3To31Of3":0}},"ShortTermUnder30Per":{"DateRange":{"Upto15Of6":0,"Upto15Of9":0,"Up16Of9To15Of12":0,"Up16Of12To15Of3":0,"Up16Of3To31Of3":0}},"ShortTermUnderAppRate":{"DateRange":{"Upto15Of6":0,"Upto15Of9":0,"Up16Of9To15Of12":0,"Up16Of12To15Of3":0,"Up16Of3To31Of3":0}},"ShortTermUnderDTAARate":{"DateRange":{"Upto15Of6":0,"Upto15Of9":0,"Up16Of9To15Of12":0,"Up16Of12To15Of3":0,"Up16Of3To31Of3":0}},"LongTermUnder10Per":{"DateRange":{"Upto15Of6":0,"Upto15Of9":0,"Up16Of9To15Of12":0,"Up16Of12To15Of3":0,"Up16Of3To31Of3":0}},"LongTermUnder20Per":{"DateRange":{"Upto15Of6":0,"Upto15Of9":0,"Up16Of9To15Of12":0,"Up16Of12To15Of3":0,"Up16Of3To31Of3":0}},"LongTermUnderDTAARate":{"DateRange":{"Upto15Of6":0,"Upto15Of9":0,"Up16Of9To15Of12":0,"Up16Of12To15Of3":0,"Up16Of3To31Of3":0}},"VDATrnsfGainsUnder30Per":{"DateRange":{"Upto15Of6":0,"Upto15Of9":0,"Up16Of9To15Of12":0,"Up16Of12To15Of3":0,"Up16Of3To31Of3":0}}},"SumOfCGIncm":0,"IncmFromVDATrnsf":0,"TotScheduleCGFor23":0},"Schedule112A":{"SaleValue112A":0,"CostAcqWithoutIndx112A":0,"AcquisitionCost112A":0,"LTCGBeforelowerB1B2112A":0,"FairMktValueCapAst112A":0,"ExpExclCnctTransfer112A":0,"Deductions112A":0,"Balance112A":0},"ScheduleOS":{"IncOthThanOwnRaceHorse":{"TaxAccumulatedBalRecPF":{"TotalIncomeBenefit":0,"TotalTaxBenefit":0},"IncChargblSplRateOS":{"TotalAmtTaxUsDTAASchOs":0},"Deductions":{"Expenses":0,"IntExp57":0,"DeductionUs57iia":0,"Depreciation":0,"TotDeductions":0},"GrossIncChrgblTaxAtAppRate":12428,"DividendGross":0,"DividendOthThan22e":0,"Dividend22e":0,"InterestGross":12428,"IntrstFrmSavingBank":12428,"IntrstFrmTermDeposit":0,"IntrstFrmIncmTaxRefund":0,"NatofPassThrghIncome":0,"IntrstSec10XIFirstProviso":0,"IntrstSec10XISecondProviso":0,"IntrstSec10XIIFirstProviso":0,"IntrstSec10XIISecondProviso":0,"IntrstFrmOthers":0,"RentFromMachPlantBldgs":0,"Tot562x":0,"Aggrtvaluewithoutcons562x":0,"Immovpropwithoutcons562x":0,"Immovpropinadeqcons562x":0,"Anyotherpropwithoutcons562x":0,"Anyotherpropinadeqcons562x":0,"FamilyPension":0,"IncomeNotified89AOS":0,"IncomeNotifiedOther89AOS":0,"IncomeNotifiedPrYr89AOS":0,"AnyOtherIncome":0,"IncChargeableSpecialRates":0,"LtryPzzlChrgblUs115BB":0,"IncChrgblUs115BBE":0,"CashCreditsUs68":0,"UnExplndInvstmntsUs69":0,"UnExplndMoneyUs69A":0,"UnDsclsdInvstmntsUs69B":0,"UnExplndExpndtrUs69C":0,"AmtBrwdRepaidOnHundiUs69D":0,"OthersGross":0,"PassThrIncOSChrgblSplRate":0,"AmtNotDeductibleUs58":0,"ProfitChargTaxUs59":0,"BalanceNoRaceHorse":12428},"IncFromOwnHorse":{"Receipts":0,"DeductSec57":0,"AmtNotDeductibleUs58":0,"ProfitChargTaxUs59":0,"BalanceOwnRaceHorse":0},"IncFrmLottery":{"DateRange":{"Upto15Of6":0,"Upto15Of9":0,"Up16Of9To15Of12":0,"Up16Of12To15Of3":0,"Up16Of3To31Of3":0}},"DividendIncUs115BBDA":{"DateRange":{"Upto15Of6":0,"Upto15Of9":0,"Up16Of9To15Of12":0,"Up16Of12To15Of3":0,"Up16Of3To31Of3":0}},"DividendIncUs115A1ai":{"DateRange":{"Upto15Of6":0,"Upto15Of9":0,"Up16Of9To15Of12":0,"Up16Of12To15Of3":0,"Up16Of3To31Of3":0}},"DividendIncUs115AC":{"DateRange":{"Upto15Of6":0,"Upto15Of9":0,"Up16Of9To15Of12":0,"Up16Of12To15Of3":0,"Up16Of3To31Of3":0}},"DividendIncUs115ACA":{"DateRange":{"Upto15Of6":0,"Upto15Of9":0,"Up16Of9To15Of12":0,"Up16Of12To15Of3":0,"Up16Of3To31Of3":0}},"DividendIncUs115AD1i":{"DateRange":{"Upto15Of6":0,"Upto15Of9":0,"Up16Of9To15Of12":0,"Up16Of12To15Of3":0,"Up16Of3To31Of3":0}},"DividendDTAA":{"DateRange":{"Upto15Of6":0,"Upto15Of9":0,"Up16Of9To15Of12":0,"Up16Of12To15Of3":0,"Up16Of3To31Of3":0}},"NOT89A":{"DateRange":{"Upto15Of6":0,"Upto15Of9":0,"Up16Of9To15Of12":0,"Up16Of12To15Of3":0,"Up16Of3To31Of3":0}},"TotOthSrcNoRaceHorse":12428,"IncChargeable":12428},"ScheduleCYLA":{"Salary":{"IncCYLA":{"IncOfCurYrUnderThatHead":63444614,"HPlossCurYrSetoff":0,"OthSrcLossNoRaceHorseSetoff":0,"IncOfCurYrAfterSetOff":63444614}},"HP":{"IncCYLA":{"IncOfCurYrUnderThatHead":0,"OthSrcLossNoRaceHorseSetoff":0,"IncOfCurYrAfterSetOff":0}},"STCG15Per":{"IncCYLA":{"IncOfCurYrUnderThatHead":0,"HPlossCurYrSetoff":0,"OthSrcLossNoRaceHorseSetoff":0,"IncOfCurYrAfterSetOff":0}},"STCG30Per":{"IncCYLA":{"IncOfCurYrUnderThatHead":0,"HPlossCurYrSetoff":0,"OthSrcLossNoRaceHorseSetoff":0,"IncOfCurYrAfterSetOff":0}},"STCGAppRate":{"IncCYLA":{"IncOfCurYrUnderThatHead":0,"HPlossCurYrSetoff":0,"OthSrcLossNoRaceHorseSetoff":0,"IncOfCurYrAfterSetOff":0}},"STCGDTAARate":{"IncCYLA":{"IncOfCurYrUnderThatHead":0,"HPlossCurYrSetoff":0,"OthSrcLossNoRaceHorseSetoff":0,"IncOfCurYrAfterSetOff":0}},"LTCG10Per":{"IncCYLA":{"IncOfCurYrUnderThatHead":0,"HPlossCurYrSetoff":0,"OthSrcLossNoRaceHorseSetoff":0,"IncOfCurYrAfterSetOff":0}},"LTCG20Per":{"IncCYLA":{"IncOfCurYrUnderThatHead":0,"HPlossCurYrSetoff":0,"OthSrcLossNoRaceHorseSetoff":0,"IncOfCurYrAfterSetOff":0}},"LTCGDTAARate":{"IncCYLA":{"IncOfCurYrUnderThatHead":0,"HPlossCurYrSetoff":0,"OthSrcLossNoRaceHorseSetoff":0,"IncOfCurYrAfterSetOff":0}},"OthSrcExclRaceHorse":{"IncCYLA":{"IncOfCurYrUnderThatHead":12428,"HPlossCurYrSetoff":0,"IncOfCurYrAfterSetOff":12428}},"OthSrcRaceHorse":{"IncCYLA":{"IncOfCurYrUnderThatHead":0,"HPlossCurYrSetoff":0,"OthSrcLossNoRaceHorseSetoff":0,"IncOfCurYrAfterSetOff":0}},"TotalCurYr":{"TotHPlossCurYr":0,"TotOthSrcLossNoRaceHorse":0},"TotalLossSetOff":{"TotHPlossCurYrSetoff":0,"TotOthSrcLossNoRaceHorseSetoff":0},"LossRemAftSetOff":{"BalHPlossCurYrAftSetoff":0,"BalOthSrcLossNoRaceHorseAftSetoff":0},"CYLAEditFlag":"N"},"ScheduleBFLA":{"Salary":{"IncBFLA":{"IncOfCurYrUndHeadFromCYLA":63444614,"IncOfCurYrAfterSetOffBFLosses":63444614}},"HP":{"IncBFLA":{"IncOfCurYrUndHeadFromCYLA":0,"BFlossPrevYrUndSameHeadSetoff":0,"IncOfCurYrAfterSetOffBFLosses":0}},"STCG15Per":{"IncBFLA":{"IncOfCurYrUndHeadFromCYLA":0,"BFlossPrevYrUndSameHeadSetoff":0,"IncOfCurYrAfterSetOffBFLosses":0}},"STCG30Per":{"IncBFLA":{"IncOfCurYrUndHeadFromCYLA":0,"BFlossPrevYrUndSameHeadSetoff":0,"IncOfCurYrAfterSetOffBFLosses":0}},"STCGAppRate":{"IncBFLA":{"IncOfCurYrUndHeadFromCYLA":0,"BFlossPrevYrUndSameHeadSetoff":0,"IncOfCurYrAfterSetOffBFLosses":0}},"STCGDTAARate":{"IncBFLA":{"IncOfCurYrUndHeadFromCYLA":0,"BFlossPrevYrUndSameHeadSetoff":0,"IncOfCurYrAfterSetOffBFLosses":0}},"LTCG10Per":{"IncBFLA":{"IncOfCurYrUndHeadFromCYLA":0,"BFlossPrevYrUndSameHeadSetoff":0,"IncOfCurYrAfterSetOffBFLosses":0}},"LTCG20Per":{"IncBFLA":{"IncOfCurYrUndHeadFromCYLA":0,"BFlossPrevYrUndSameHeadSetoff":0,"IncOfCurYrAfterSetOffBFLosses":0}},"LTCGDTAARate":{"IncBFLA":{"IncOfCurYrUndHeadFromCYLA":0,"BFlossPrevYrUndSameHeadSetoff":0,"IncOfCurYrAfterSetOffBFLosses":0}},"OthSrcExclRaceHorse":{"IncBFLA":{"IncOfCurYrUndHeadFromCYLA":12428,"IncOfCurYrAfterSetOffBFLosses":12428}},"OthSrcRaceHorse":{"IncBFLA":{"IncOfCurYrUndHeadFromCYLA":0,"BFlossPrevYrUndSameHeadSetoff":0,"IncOfCurYrAfterSetOffBFLosses":0}},"TotalBFLossSetOff":{"TotBFLossSetoff":0},"BFLAEditFlag":"N","IncomeOfCurrYrAftCYLABFLA":63457042},"ScheduleCFL":{"TotalOfBFLossesEarlierYrs":{"LossSummaryDetail":{"TotalHPPTILossCF":0,"TotalSTCGPTILossCF":0,"TotalLTCGPTILossCF":0,"OthSrcLossRaceHorseCF":0}},"AdjTotBFLossInBFLA":{"LossSummaryDetail":{"TotalHPPTILossCF":0,"TotalSTCGPTILossCF":0,"TotalLTCGPTILossCF":0,"OthSrcLossRaceHorseCF":0}},"CurrentAYloss":{"LossSummaryDetail":{"TotalHPPTILossCF":0,"TotalSTCGPTILossCF":0,"TotalLTCGPTILossCF":0,"OthSrcLossRaceHorseCF":0}},"TotalLossCFSummary":{"LossSummaryDetail":{"TotalHPPTILossCF":0,"TotalSTCGPTILossCF":0,"TotalLTCGPTILossCF":0,"OthSrcLossRaceHorseCF":0}}},"ScheduleVIA":{"UsrDeductUndChapVIA":{"Section80C":0,"Section80CCC":0,"Section80CCDEmployeeOrSE":0,"Section80CCD1B":0,"Section80CCDEmployer":0,"Section80D":0,"Section80DD":0,"Section80DDB":0,"Section80E":0,"Section80EE":0,"Section80EEA":0,"Section80EEB":0,"Section80G":0,"Section80GG":0,"Section80GGA":0,"Section80GGC":0,"Section80U":0,"Section80RRB":0,"Section80QQB":0,"Section80TTA":12428,"Section80TTB":0,"AnyOthSec80CCH":0,"TotalChapVIADeductions":12428},"DeductUndChapVIA":{"Section80C":0,"Section80CCC":0,"Section80CCDEmployeeOrSE":0,"Section80CCD1B":0,"Section80CCDEmployer":0,"Section80D":0,"Section80DD":0,"Section80DDB":0,"Section80E":0,"Section80EE":0,"Section80EEA":0,"Section80EEB":0,"Section80G":0,"Section80GG":0,"Section80GGA":0,"Section80GGC":0,"Section80U":0,"Section80RRB":0,"Section80QQB":0,"Section80TTA":10000,"Section80TTB":0,"AnyOthSec80CCH":0,"TotalChapVIADeductions":10000}},"Schedule80D":{"Sec80DSelfFamSrCtznHealth":{"SeniorCitizenFlag":"N","SelfAndFamily":0,"SelfAndFamilySeniorCitizen":0,"ParentsSeniorCitizenFlag":"N","Parents":0,"ParentsSeniorCitizen":0,"EligibleAmountOfDedn":0}},"ScheduleAMT":{"TotalIncItemPartBTI":63447042,"DeductionClaimUndrAnySec":0,"AdjustedUnderSec115JC":63447042,"TaxPayableUnderSec115JC":0},"ScheduleAMTC":{"ScheduleAMTCDtls":[{"AssYr":"2013-14","Gross":0,"AmtCreditSetOfEy":0,"AmtCreditBalBroughtFwd":0,"AmtCreditUtilized":0,"BalAmtCreditCarryFwd":0},{"AssYr":"2014-15","Gross":0,"AmtCreditSetOfEy":0,"AmtCreditBalBroughtFwd":0,"AmtCreditUtilized":0,"BalAmtCreditCarryFwd":0},{"AssYr":"2015-16","Gross":0,"AmtCreditSetOfEy":0,"AmtCreditBalBroughtFwd":0,"AmtCreditUtilized":0,"BalAmtCreditCarryFwd":0},{"AssYr":"2016-17","Gross":0,"AmtCreditSetOfEy":0,"AmtCreditBalBroughtFwd":0,"AmtCreditUtilized":0,"BalAmtCreditCarryFwd":0},{"AssYr":"2017-18","Gross":0,"AmtCreditSetOfEy":0,"AmtCreditBalBroughtFwd":0,"AmtCreditUtilized":0,"BalAmtCreditCarryFwd":0},{"AssYr":"2018-19","Gross":0,"AmtCreditSetOfEy":0,"AmtCreditBalBroughtFwd":0,"AmtCreditUtilized":0,"BalAmtCreditCarryFwd":0},{"AssYr":"2019-20","Gross":0,"AmtCreditSetOfEy":0,"AmtCreditBalBroughtFwd":0,"AmtCreditUtilized":0,"BalAmtCreditCarryFwd":0},{"AssYr":"2020-21","Gross":0,"AmtCreditSetOfEy":0,"AmtCreditBalBroughtFwd":0,"AmtCreditUtilized":0,"BalAmtCreditCarryFwd":0},{"AssYr":"2021-22","Gross":0,"AmtCreditSetOfEy":0,"AmtCreditBalBroughtFwd":0,"AmtCreditUtilized":0,"BalAmtCreditCarryFwd":0},{"AssYr":"2022-23","Gross":0,"AmtCreditSetOfEy":0,"AmtCreditBalBroughtFwd":0,"AmtCreditUtilized":0,"BalAmtCreditCarryFwd":0}],"TaxSection115JC":0,"TaxOthProvisions":26852654,"AmtTaxCreditAvailable":26852654,"CurrAssYr":"2023-24","CurrYrAmtCreditFwd":0,"CurrYrCreditCarryFwd":0,"TotAMTGross":0,"TotSetOffEys":0,"TotBalBF":0,"TotAmtCreditUtilisedCY":0,"TotBalAMTCreditCF":0,"TaxSection115JD":0,"AmtLiabilityAvailable":0},"ScheduleSI":{"SplCodeRateTax":[{"SecCode":"1","SplRatePercent":1,"SplRateInc":0,"SplRateIncTax":0},{"SecCode":"1A","SplRatePercent":15,"SplRateInc":0,"SplRateIncTax":0},{"SecCode":"21","SplRatePercent":20,"SplRateInc":0,"SplRateIncTax":0},{"SecCode":"22","SplRatePercent":10,"SplRateInc":0,"SplRateIncTax":0},{"SecCode":"21ciii","SplRatePercent":10,"SplRateInc":0,"SplRateIncTax":0},{"SecCode":"2A","SplRatePercent":10,"SplRateInc":0,"SplRateIncTax":0},{"SecCode":"5ADii","SplRatePercent":30,"SplRateInc":0,"SplRateIncTax":0},{"SecCode":"5A1aiiac","SplRatePercent":5,"SplRateInc":0,"SplRateIncTax":0},{"SecCode":"5BB","SplRatePercent":30,"SplRateInc":0,"SplRateIncTax":0},{"SecCode":"DTAASTCG","SplRatePercent":1,"SplRateInc":0,"SplRateIncTax":0},{"SecCode":"DTAALTCG","SplRatePercent":1,"SplRateInc":0,"SplRateIncTax":0},{"SecCode":"DTAAOS","SplRatePercent":1,"SplRateInc":0,"SplRateIncTax":0}],"TotSplRateInc":0,"TotSplRateIncTax":0},"ScheduleAL":{"MovableAsset":{"DepositsInBank":363592,"SharesAndSecurities":0,"InsurancePolicies":0,"LoansAndAdvancesGiven":0,"CashInHand":0,"JewelleryBullionEtc":0,"ArchCollDrawPaintSulpArt":0,"VehiclYachtsBoatsAircrafts":0},"LiabilityInRelatAssets":0},"PartB-TI":{"CapGain":{"ShortTerm":{"ShortTerm15Per":0,"ShortTerm30Per":0,"ShortTermAppRate":0,"ShortTermSplRateDTAA":0,"TotalShortTerm":0},"LongTerm":{"LongTerm10Per":0,"LongTerm20Per":0,"LongTermSplRateDTAA":0,"TotalLongTerm":0},"ShortTermLongTermTotal":0,"CapGains30Per115BBH":0,"TotalCapGains":0},"IncFromOS":{"OtherSrcThanOwnRaceHorse":12428,"IncChargblSplRate":0,"FromOwnRaceHorse":0,"TotIncFromOS":12428},"Salaries":63444614,"IncomeFromHP":0,"TotalTI":63457042,"CurrentYearLoss":0,"BalanceAfterSetoffLosses":63457042,"BroughtFwdLossesSetoff":0,"GrossTotalIncome":63457042,"IncChargeTaxSplRate111A112":0,"DeductionsUnderScheduleVIA":10000,"TotalIncome":63447042,"IncChargeableTaxSplRates":0,"NetAgricultureIncomeOrOtherIncomeForRate":0,"AggregateIncome":63447042,"LossesOfCurrentYearCarriedFwd":0,"DeemedIncomeUs115JC":63447042},"PartB_TTI":{"ComputationOfTaxLiability":{"TaxPayableOnTI":{"TaxAtNormalRatesOnAggrInc":18846613,"TaxAtSpecialRates":0,"RebateOnAgriInc":0,"TaxPayableOnTotInc":18846613},"GrossTaxPay":{"TaxInc17":26852654,"TaxDeferred17":0,"TaxDeferredPayableCY":0},"TaxRelief":{"Section89":0,"Section90":0,"Section91":0,"TotTaxRelief":0},"IntrstPay":{"IntrstPayUs234A":0,"IntrstPayUs234B":0,"IntrstPayUs234C":0,"LateFilingFee234F":0,"TotalIntrstPay":0},"Rebate87A":0,"TaxPayableOnRebate":18846613,"Surcharge25ofSI":0,"SurchargeOnAboveCrore":6973247,"Surcharge25ofSIBeforeMarginal":0,"SurchargeOnAboveCroreBeforeMarginal":6973247,"TotalSurcharge":6973247,"EducationCess":1032794,"GrossTaxLiability":26852654,"GrossTaxPayable":26852654,"CreditUS115JD":0,"TaxPayAfterCreditUs115JD":26852654,"NetTaxLiability":26852654,"AggregateTaxInterestLiability":26852654},"TaxPaid":{"TaxesPaid":{"AdvanceTax":0,"TDS":26851615,"TCS":0,"SelfAssessmentTax":1040,"TotalTaxesPaid":26852655},"BalTaxPayable":0},"Refund":{"BankAccountDtls":{"AddtnlBankDetails":[{"IFSCCode":"HSBC0400007","BankName":"HSBC","BankAccountNo":"012211645006","UseForRefund":"true"}],"BankDtlsFlag":"Y"},"RefundDue":0},"TaxPayDeemedTotIncUs115JC":0,"Surcharge":0,"HealthEduCess":0,"TotalTaxPayablDeemedTotInc":0,"AssetOutIndiaFlag":"NO"},"ScheduleIT":{"TaxPayment":[{"BSRCode":"6939001","DateDep":"2023-06-23","SrlNoOfChaln":2214,"Amt":1040}],"TotalTaxPayments":1040},"ScheduleTDS1":{"TDSonSalary":[{"EmployerOrDeductorOrCollectDetl":{"TAN":"MUMC28455A","EmployerOrDeductorOrCollecterName":"CIINFRA INDIA PRIVATE LIMITED"},"IncChrgSal":66378668,"TotalTDSSal":26851615}],"TotalTDSonSalaries":26851615},"ScheduleTDS2":{"TotalTDSonOthThanSals":0},"ScheduleTDS3":{"TotalTDS3OnOthThanSal":0},"ScheduleTCS":{"TotalSchTCS":0},"Verification":{"Declaration":{"AssesseeVerName":"Ivan Pio Maestre Santos Suarez","FatherName":"Juan Maestre Urbina","AssesseeVerPAN":"HOFPM8388F"},"Capacity":"S"},"ScheduleESOP":{"ScheduleESOP2324_Type":{"BalanceTaxCF":0},"TotalTaxAttributedAmt":0}}}}