{"ITR":{"ITR2":{"CreationInfo":{"SWVersionNo":"V1","SWCreatedBy":"SW10002187","JSONCreatedBy":"SW10002187","JSONCreationDate":"2023-06-26","IntermediaryCity":"Kolkata","Digest":"+VdS/VYqsN/IS1W4icYPnd/otEshsUp7pZVKTFZGmR0="},"Form_ITR2":{"FormName":"ITR-2","Description":"For Individuals and HUFs not having income from profits and gains of business or profession","AssessmentYear":"2023","SchemaVer":"Ver1.0","FormVer":"Ver1.0"},"PartA_GEN1":{"PersonalInfo":{"AssesseeName":{"FirstName":"LAURA","MiddleName":"LOPEZ","SurNameOrOrgName":"SOTOMAYOR"},"PAN":"PUIPS9865N","Address":{"ResidenceNo":"Flat No. 2502 (N2), 25th floor","ResidenceName":"World One Lodha Towers","RoadOrStreet":"Senapati Bapat Marg","LocalityOrArea":"Lower Parel","CityOrTownOrDistrict":"Mumbai","StateCode":"19","CountryCode":"91","PinCode":400013,"CountryCodeMobile":91,"MobileNo":8976203618,"CountryCodeMobileNoSec":34,"MobileNoSec":606450231,"EmailAddress":"LAURALOPEZSOTOMAYOR@FERROVIAL.COM"},"DOB":"1979-04-06","Status":"I"},"FilingStatus":{"ReturnFileSec":11,"NewTaxRegime":"N","SeventhProvisio139":"N","ResidentialStatus":"NOR","ConditionsResStatus":"3","BenefitUs115HFlg":"N","AsseseeRepFlg":"N","PortugeseCC5A":"N","FiiFpiFlag":"N","CompDirectorPrvYrFlg":"N","HeldUnlistedEqShrPrYrFlg":"N"}},"ScheduleS":{"Salaries":[{"NameOfEmployer":"CIINFRA INDIA PRIVATE LIMITED","NatureOfEmployment":"OTH","TANofEmployer":"MUMC28455A","AddressDetail":{"AddrDetail":"REGUS PLATINA, 11F BKC,","CityOrTownOrDistrict":"Mumbai","StateCode":"19","PinCode":400051},"Salarys":{"GrossSalary":41055779,"Salary":29374427,"NatureOfSalary":{"OthersIncDtls":[{"NatureDesc":"1","OthAmount":7334395},{"NatureDesc":"4","OthAmount":3405825},{"NatureDesc":"6","OthAmount":9819444},{"NatureDesc":"7","OthAmount":6840360},{"NatureDesc":"OTH","OthNatOfInc":"Bonus","OthAmount":1974403}]},"ValueOfPerquisites":11681352,"NatureOfPerquisites":{"OthersIncDtls":[{"NatureDesc":"1","OthAmount":517571},{"NatureDesc":"2","OthAmount":33000},{"NatureDesc":"17","OthAmount":369573},{"NatureDesc":"OTH","OthNatOfInc":"Other benefits or amenities","OthAmount":10761208}]},"ProfitsinLieuOfSalary":0,"IncomeNotified89A":0,"IncomeNotifiedOther89A":0,"IncomeNotifiedPrYr89A":0}}],"TotalGrossSalary":41055779,"AllwncExtentExemptUs10":2930416,"AllwncExemptUs10":{"AllwncExemptUs10Dtls":[{"SalNatureDesc":"10(13A)","SalOthAmount":2930416}]},"Increliefus89A":0,"NetSalary":38125363,"DeductionUS16":52100,"DeductionUnderSection16ia":50000,"EntertainmntalwncUs16ii":0,"ProfessionalTaxUs16iii":2100,"TotIncUnderHeadSalaries":38073263},"ScheduleCGFor23":{"ShortTermCapGainFor23":{"NRITransacSec48Dtl":{"NRItaxSTTPaid":0,"NRItaxSTTNotPaid":0},"NRISecur115AD":{"FullValueConsdRecvUnqshr":0,"FairMrktValueUnqshr":0,"FullValueConsdSec50CA":0,"FullValueConsdOthUnqshr":0,"FullConsideration":0,"DeductSec48":{"AquisitCost":0,"ImproveCost":0,"ExpOnTrans":0,"TotalDedn":0},"BalanceCG":0,"LossSec94of7Or94of8":0,"CapgainonAssets":0},"SaleOnOtherAssets":{"FullValueConsdRecvUnqshr":0,"FairMrktValueUnqshr":0,"FullValueConsdSec50CA":0,"FullValueConsdOthUnqshr":0,"FullConsideration":0,"DeductSec48":{"AquisitCost":0,"ImproveCost":0,"ExpOnTrans":0,"TotalDedn":0},"BalanceCG":0,"LossSec94of7Or94of8":0,"CapgainonAssets":0},"UnutilizedStcgFlag":"X","TotalAmtDeemedStcg":0,"PassThrIncNatureSTCG":0,"PassThrIncNatureSTCG15Per":0,"PassThrIncNatureSTCG30Per":0,"PassThrIncNatureSTCGAppRate":0,"TotalAmtNotTaxUsDTAAStcg":0,"TotalAmtTaxUsDTAAStcg":0,"TotalSTCG":0},"LongTermCapGain23":{"SaleofBondsDebntr":{"FullConsideration":0,"DeductSec48":{"AquisitCost":0,"ImproveCost":0,"ExpOnTrans":0,"TotalDedn":0},"BalanceCG":0,"DeductionUs54F":0,"CapgainonAssets":0},"SaleOfEquityShareUs112A":{"BalanceCG":0,"DeductionUs54F":0,"CapgainonAssets":0},"NRIProvisoSec48":{"LTCGWithoutBenefit":0,"DeductionUs54F":0,"BalanceCG":0},"NRISaleOfEquityShareUs112A":{"BalanceCG":0,"DeductionUs54F":0,"CapgainonAssets":0},"NRISaleofForeignAsset":{"SaleonSpecAsset":0,"DednSpecAssetus115":0,"BalonSpeciAsset":0,"SaleOtherSpecAsset":0,"DednOtherSpecAssetus115":0,"BalOtherthanSpecAsset":0},"SaleofAssetNA":{"FullValueConsdRecvUnqshr":0,"FairMrktValueUnqshr":0,"FullValueConsdSec50CA":0,"FullValueConsdOthUnqshr":0,"FullConsideration":0,"DeductSec48":{"AquisitCost":0,"ImproveCost":0,"ExpOnTrans":0,"TotalDedn":0},"BalanceCG":0,"DeductionUs54F":0,"CapgainonAssets":0},"UnutilizedLtcgFlag":"X","TotalAmtDeemedLtcg":0,"PassThrIncNatureLTCG":0,"PassThrIncNatureLTCGUs112A":0,"PassThrIncNatureLTCG10Per":0,"PassThrIncNatureLTCG20Per":0,"TotalAmtNotTaxUsDTAALtcg":0,"TotalAmtTaxUsDTAALtcg":0,"TotalLTCG":0},"SumOfCGIncm":0,"IncmFromVDATrnsf":0,"TotScheduleCGFor23":0,"DeducClaimInfo":{"TotDeductClaim":0},"CurrYrLosses":{"InLossSetOff":{"StclSetoff15Per":0,"StclSetoff30Per":0,"StclSetoffAppRate":0,"StclSetoffDTAARate":0,"LtclSetOff10Per":0,"LtclSetOff20Per":0,"LtclSetOffDTAARate":0},"InStcg15Per":{"CurrYearIncome":0,"StclSetoff30Per":0,"StclSetoffAppRate":0,"StclSetoffDTAARate":0,"CurrYrCapGain":0},"InStcg30Per":{"CurrYearIncome":0,"StclSetoff15Per":0,"StclSetoffAppRate":0,"StclSetoffDTAARate":0,"CurrYrCapGain":0},"InStcgAppRate":{"CurrYearIncome":0,"StclSetoff15Per":0,"StclSetoff30Per":0,"StclSetoffDTAARate":0,"CurrYrCapGain":0},"InStcgDTAARate":{"CurrYearIncome":0,"StclSetoff15Per":0,"StclSetoff30Per":0,"StclSetoffAppRate":0,"CurrYrCapGain":0},"InLtcg10Per":{"CurrYearIncome":0,"StclSetoff15Per":0,"StclSetoff30Per":0,"StclSetoffAppRate":0,"StclSetoffDTAARate":0,"LtclSetOff20Per":0,"LtclSetOffDTAARate":0,"CurrYrCapGain":0},"InLtcg20Per":{"CurrYearIncome":0,"StclSetoff15Per":0,"StclSetoff30Per":0,"StclSetoffAppRate":0,"StclSetoffDTAARate":0,"LtclSetOff10Per":0,"LtclSetOffDTAARate":0,"CurrYrCapGain":0},"InLtcgDTAARate":{"CurrYearIncome":0,"StclSetoff15Per":0,"StclSetoff30Per":0,"StclSetoffAppRate":0,"StclSetoffDTAARate":0,"LtclSetOff10Per":0,"LtclSetOff20Per":0,"CurrYrCapGain":0},"TotLossSetOff":{"StclSetoff15Per":0,"StclSetoff30Per":0,"StclSetoffAppRate":0,"StclSetoffDTAARate":0,"LtclSetOff10Per":0,"LtclSetOff20Per":0,"LtclSetOffDTAARate":0},"LossRemainSetOff":{"StclSetoff15Per":0,"StclSetoff30Per":0,"StclSetoffAppRate":0,"StclSetoffDTAARate":0,"LtclSetOff10Per":0,"LtclSetOff20Per":0,"LtclSetOffDTAARate":0}},"AccruOrRecOfCG":{"ShortTermUnder15Per":{"DateRange":{"Upto15Of6":0,"Upto15Of9":0,"Up16Of9To15Of12":0,"Up16Of12To15Of3":0,"Up16Of3To31Of3":0}},"ShortTermUnder30Per":{"DateRange":{"Upto15Of6":0,"Upto15Of9":0,"Up16Of9To15Of12":0,"Up16Of12To15Of3":0,"Up16Of3To31Of3":0}},"ShortTermUnderAppRate":{"DateRange":{"Upto15Of6":0,"Upto15Of9":0,"Up16Of9To15Of12":0,"Up16Of12To15Of3":0,"Up16Of3To31Of3":0}},"ShortTermUnderDTAARate":{"DateRange":{"Upto15Of6":0,"Upto15Of9":0,"Up16Of9To15Of12":0,"Up16Of12To15Of3":0,"Up16Of3To31Of3":0}},"LongTermUnder10Per":{"DateRange":{"Upto15Of6":0,"Upto15Of9":0,"Up16Of9To15Of12":0,"Up16Of12To15Of3":0,"Up16Of3To31Of3":0}},"LongTermUnder20Per":{"DateRange":{"Upto15Of6":0,"Upto15Of9":0,"Up16Of9To15Of12":0,"Up16Of12To15Of3":0,"Up16Of3To31Of3":0}},"LongTermUnderDTAARate":{"DateRange":{"Upto15Of6":0,"Upto15Of9":0,"Up16Of9To15Of12":0,"Up16Of12To15Of3":0,"Up16Of3To31Of3":0}},"VDATrnsfGainsUnder30Per":{"DateRange":{"Upto15Of6":0,"Upto15Of9":0,"Up16Of9To15Of12":0,"Up16Of12To15Of3":0,"Up16Of3To31Of3":0}}}},"Schedule112A":{"SaleValue112A":0,"CostAcqWithoutIndx112A":0,"AcquisitionCost112A":0,"LTCGBeforelowerB1B2112A":0,"FairMktValueCapAst112A":0,"ExpExclCnctTransfer112A":0,"Deductions112A":0,"Balance112A":0},"ScheduleOS":{"IncOthThanOwnRaceHorse":{"GrossIncChrgblTaxAtAppRate":8459,"DividendGross":0,"DividendOthThan22e":0,"Dividend22e":0,"InterestGross":8459,"IntrstFrmSavingBank":8459,"IntrstFrmTermDeposit":0,"IntrstFrmIncmTaxRefund":0,"NatofPassThrghIncome":0,"IntrstSec10XIFirstProviso":0,"IntrstSec10XISecondProviso":0,"IntrstSec10XIIFirstProviso":0,"IntrstSec10XIISecondProviso":0,"IntrstFrmOthers":0,"RentFromMachPlantBldgs":0,"Tot562x":0,"Aggrtvaluewithoutcons562x":0,"Immovpropwithoutcons562x":0,"Immovpropinadeqcons562x":0,"Anyotherpropwithoutcons562x":0,"Anyotherpropinadeqcons562x":0,"FamilyPension":0,"IncomeNotified89AOS":0,"IncomeNotifiedOther89AOS":0,"IncomeNotifiedPrYr89AOS":0,"AnyOtherIncome":0,"IncChargeableSpecialRates":0,"LtryPzzlChrgblUs115BB":0,"IncChrgblUs115BBE":0,"CashCreditsUs68":0,"UnExplndInvstmntsUs69":0,"UnExplndMoneyUs69A":0,"UnDsclsdInvstmntsUs69B":0,"UnExplndExpndtrUs69C":0,"AmtBrwdRepaidOnHundiUs69D":0,"TaxAccumulatedBalRecPF":{"TotalIncomeBenefit":0,"TotalTaxBenefit":0},"OthersGross":0,"PassThrIncOSChrgblSplRate":0,"IncChargblSplRateOS":{"TotalAmtTaxUsDTAASchOs":0},"Deductions":{"Expenses":0,"IntExp57":0,"DeductionUs57iia":0,"Depreciation":0,"TotDeductions":0},"AmtNotDeductibleUs58":0,"ProfitChargTaxUs59":0,"BalanceNoRaceHorse":8459},"TotOthSrcNoRaceHorse":8459,"IncFromOwnHorse":{"Receipts":0,"DeductSec57":0,"AmtNotDeductibleUs58":0,"ProfitChargTaxUs59":0,"BalanceOwnRaceHorse":0},"IncChargeable":8459,"IncFrmLottery":{"DateRange":{"Upto15Of6":0,"Upto15Of9":0,"Up16Of9To15Of12":0,"Up16Of12To15Of3":0,"Up16Of3To31Of3":0}},"DividendIncUs115BBDA":{"DateRange":{"Upto15Of6":0,"Upto15Of9":0,"Up16Of9To15Of12":0,"Up16Of12To15Of3":0,"Up16Of3To31Of3":0}},"DividendIncUs115A1ai":{"DateRange":{"Upto15Of6":0,"Upto15Of9":0,"Up16Of9To15Of12":0,"Up16Of12To15Of3":0,"Up16Of3To31Of3":0}},"DividendIncUs115AC":{"DateRange":{"Upto15Of6":0,"Upto15Of9":0,"Up16Of9To15Of12":0,"Up16Of12To15Of3":0,"Up16Of3To31Of3":0}},"DividendIncUs115ACA":{"DateRange":{"Upto15Of6":0,"Upto15Of9":0,"Up16Of9To15Of12":0,"Up16Of12To15Of3":0,"Up16Of3To31Of3":0}},"DividendIncUs115AD1i":{"DateRange":{"Upto15Of6":0,"Upto15Of9":0,"Up16Of9To15Of12":0,"Up16Of12To15Of3":0,"Up16Of3To31Of3":0}},"DividendDTAA":{"DateRange":{"Upto15Of6":0,"Upto15Of9":0,"Up16Of9To15Of12":0,"Up16Of12To15Of3":0,"Up16Of3To31Of3":0}},"NOT89A":{"DateRange":{"Upto15Of6":0,"Upto15Of9":0,"Up16Of9To15Of12":0,"Up16Of12To15Of3":0,"Up16Of3To31Of3":0}}},"ScheduleCYLA":{"CYLAEditFlag":"N","Salary":{"IncCYLA":{"IncOfCurYrUnderThatHead":38073263,"HPlossCurYrSetoff":0,"OthSrcLossNoRaceHorseSetoff":0,"IncOfCurYrAfterSetOff":38073263}},"HP":{"IncCYLA":{"IncOfCurYrUnderThatHead":0,"OthSrcLossNoRaceHorseSetoff":0,"IncOfCurYrAfterSetOff":0}},"STCG15Per":{"IncCYLA":{"IncOfCurYrUnderThatHead":0,"HPlossCurYrSetoff":0,"OthSrcLossNoRaceHorseSetoff":0,"IncOfCurYrAfterSetOff":0}},"STCG30Per":{"IncCYLA":{"IncOfCurYrUnderThatHead":0,"HPlossCurYrSetoff":0,"OthSrcLossNoRaceHorseSetoff":0,"IncOfCurYrAfterSetOff":0}},"STCGAppRate":{"IncCYLA":{"IncOfCurYrUnderThatHead":0,"HPlossCurYrSetoff":0,"OthSrcLossNoRaceHorseSetoff":0,"IncOfCurYrAfterSetOff":0}},"STCGDTAARate":{"IncCYLA":{"IncOfCurYrUnderThatHead":0,"HPlossCurYrSetoff":0,"OthSrcLossNoRaceHorseSetoff":0,"IncOfCurYrAfterSetOff":0}},"LTCG10Per":{"IncCYLA":{"IncOfCurYrUnderThatHead":0,"HPlossCurYrSetoff":0,"OthSrcLossNoRaceHorseSetoff":0,"IncOfCurYrAfterSetOff":0}},"LTCG20Per":{"IncCYLA":{"IncOfCurYrUnderThatHead":0,"HPlossCurYrSetoff":0,"OthSrcLossNoRaceHorseSetoff":0,"IncOfCurYrAfterSetOff":0}},"LTCGDTAARate":{"IncCYLA":{"IncOfCurYrUnderThatHead":0,"HPlossCurYrSetoff":0,"OthSrcLossNoRaceHorseSetoff":0,"IncOfCurYrAfterSetOff":0}},"OthSrcExclRaceHorse":{"IncCYLA":{"IncOfCurYrUnderThatHead":8459,"HPlossCurYrSetoff":0,"IncOfCurYrAfterSetOff":8459}},"OthSrcRaceHorse":{"IncCYLA":{"IncOfCurYrUnderThatHead":0,"HPlossCurYrSetoff":0,"OthSrcLossNoRaceHorseSetoff":0,"IncOfCurYrAfterSetOff":0}},"TotalCurYr":{"TotHPlossCurYr":0,"TotOthSrcLossNoRaceHorse":0},"TotalLossSetOff":{"TotHPlossCurYrSetoff":0,"TotOthSrcLossNoRaceHorseSetoff":0},"LossRemAftSetOff":{"BalHPlossCurYrAftSetoff":0,"BalOthSrcLossNoRaceHorseAftSetoff":0}},"ScheduleBFLA":{"BFLAEditFlag":"N","Salary":{"IncBFLA":{"IncOfCurYrUndHeadFromCYLA":38073263,"IncOfCurYrAfterSetOffBFLosses":38073263}},"HP":{"IncBFLA":{"IncOfCurYrUndHeadFromCYLA":0,"BFlossPrevYrUndSameHeadSetoff":0,"IncOfCurYrAfterSetOffBFLosses":0}},"STCG15Per":{"IncBFLA":{"IncOfCurYrUndHeadFromCYLA":0,"BFlossPrevYrUndSameHeadSetoff":0,"IncOfCurYrAfterSetOffBFLosses":0}},"STCG30Per":{"IncBFLA":{"IncOfCurYrUndHeadFromCYLA":0,"BFlossPrevYrUndSameHeadSetoff":0,"IncOfCurYrAfterSetOffBFLosses":0}},"STCGAppRate":{"IncBFLA":{"IncOfCurYrUndHeadFromCYLA":0,"BFlossPrevYrUndSameHeadSetoff":0,"IncOfCurYrAfterSetOffBFLosses":0}},"STCGDTAARate":{"IncBFLA":{"IncOfCurYrUndHeadFromCYLA":0,"BFlossPrevYrUndSameHeadSetoff":0,"IncOfCurYrAfterSetOffBFLosses":0}},"LTCG10Per":{"IncBFLA":{"IncOfCurYrUndHeadFromCYLA":0,"BFlossPrevYrUndSameHeadSetoff":0,"IncOfCurYrAfterSetOffBFLosses":0}},"LTCG20Per":{"IncBFLA":{"IncOfCurYrUndHeadFromCYLA":0,"BFlossPrevYrUndSameHeadSetoff":0,"IncOfCurYrAfterSetOffBFLosses":0}},"LTCGDTAARate":{"IncBFLA":{"IncOfCurYrUndHeadFromCYLA":0,"BFlossPrevYrUndSameHeadSetoff":0,"IncOfCurYrAfterSetOffBFLosses":0}},"OthSrcExclRaceHorse":{"IncBFLA":{"IncOfCurYrUndHeadFromCYLA":8459,"IncOfCurYrAfterSetOffBFLosses":8459}},"OthSrcRaceHorse":{"IncBFLA":{"IncOfCurYrUndHeadFromCYLA":0,"BFlossPrevYrUndSameHeadSetoff":0,"IncOfCurYrAfterSetOffBFLosses":0}},"TotalBFLossSetOff":{"TotBFLossSetoff":0},"IncomeOfCurrYrAftCYLABFLA":38081722},"ScheduleVIA":{"UsrDeductUndChapVIA":{"Section80C":0,"Section80CCC":0,"Section80CCDEmployeeOrSE":0,"Section80CCD1B":0,"Section80CCDEmployer":0,"Section80D":0,"Section80DD":0,"Section80DDB":0,"Section80E":0,"Section80EE":0,"Section80EEA":0,"Section80EEB":0,"Section80G":0,"Section80GG":0,"Section80GGA":0,"Section80GGC":0,"Section80U":0,"Section80RRB":0,"Section80QQB":0,"Section80TTA":8459,"Section80TTB":0,"AnyOthSec80CCH":0,"TotalChapVIADeductions":8459},"DeductUndChapVIA":{"Section80C":0,"Section80CCC":0,"Section80CCDEmployeeOrSE":0,"Section80CCD1B":0,"Section80CCDEmployer":0,"Section80D":0,"Section80DD":0,"Section80DDB":0,"Section80E":0,"Section80EE":0,"Section80EEA":0,"Section80EEB":0,"Section80G":0,"Section80GG":0,"Section80GGA":0,"Section80GGC":0,"Section80U":0,"Section80RRB":0,"Section80QQB":0,"Section80TTA":8459,"Section80TTB":0,"AnyOthSec80CCH":0,"TotalChapVIADeductions":8459}},"Schedule80D":{"Sec80DSelfFamSrCtznHealth":{"SeniorCitizenFlag":"N","SelfAndFamily":0,"SelfAndFamilySeniorCitizen":0,"ParentsSeniorCitizenFlag":"N","Parents":0,"ParentsSeniorCitizen":0,"EligibleAmountOfDedn":0}},"ScheduleAMT":{"TotalIncItemPartBTI":38073260,"DeductionClaimUndrAnySec":0,"AdjustedUnderSec115JC":38073260,"TaxPayableUnderSec115JC":0},"ScheduleAMTC":{"TaxSection115JC":0,"TaxOthProvisions":14604822,"AmtTaxCreditAvailable":14604822,"ScheduleAMTCDtls":[{"AssYr":"2015-16","Gross":0,"AmtCreditSetOfEy":0,"AmtCreditBalBroughtFwd":0,"AmtCreditUtilized":0,"BalAmtCreditCarryFwd":0},{"AssYr":"2016-17","Gross":0,"AmtCreditSetOfEy":0,"AmtCreditBalBroughtFwd":0,"AmtCreditUtilized":0,"BalAmtCreditCarryFwd":0},{"AssYr":"2017-18","Gross":0,"AmtCreditSetOfEy":0,"AmtCreditBalBroughtFwd":0,"AmtCreditUtilized":0,"BalAmtCreditCarryFwd":0},{"AssYr":"2018-19","Gross":0,"AmtCreditSetOfEy":0,"AmtCreditBalBroughtFwd":0,"AmtCreditUtilized":0,"BalAmtCreditCarryFwd":0},{"AssYr":"2019-20","Gross":0,"AmtCreditSetOfEy":0,"AmtCreditBalBroughtFwd":0,"AmtCreditUtilized":0,"BalAmtCreditCarryFwd":0},{"AssYr":"2020-21","Gross":0,"AmtCreditSetOfEy":0,"AmtCreditBalBroughtFwd":0,"AmtCreditUtilized":0,"BalAmtCreditCarryFwd":0},{"AssYr":"2021-22","Gross":0,"AmtCreditSetOfEy":0,"AmtCreditBalBroughtFwd":0,"AmtCreditUtilized":0,"BalAmtCreditCarryFwd":0}],"CurrYrAmtCreditFwd":0,"CurrYrCreditCarryFwd":0,"TotAMTGross":0,"TotSetOffEys":0,"TotBalBF":0,"TotAmtCreditUtilisedCY":0,"TotBalAMTCreditCF":0,"TaxSection115JD":0,"AmtLiabilityAvailable":0},"ScheduleSI":{"SplCodeRateTax":[{"SecCode":"1","SplRatePercent":1,"SplRateInc":0,"SplRateIncTax":0},{"SecCode":"1A","SplRatePercent":15,"SplRateInc":0,"SplRateIncTax":0},{"SecCode":"21","SplRatePercent":20,"SplRateInc":0,"SplRateIncTax":0},{"SecCode":"22","SplRatePercent":10,"SplRateInc":0,"SplRateIncTax":0},{"SecCode":"21ciii","SplRatePercent":10,"SplRateInc":0,"SplRateIncTax":0},{"SecCode":"2A","SplRatePercent":10,"SplRateInc":0,"SplRateIncTax":0},{"SecCode":"5ADii","SplRatePercent":30,"SplRateInc":0,"SplRateIncTax":0},{"SecCode":"5A1aiiac","SplRatePercent":5,"SplRateInc":0,"SplRateIncTax":0},{"SecCode":"5BB","SplRatePercent":30,"SplRateInc":0,"SplRateIncTax":0},{"SecCode":"DTAASTCG","SplRatePercent":1,"SplRateInc":0,"SplRateIncTax":0},{"SecCode":"DTAALTCG","SplRatePercent":1,"SplRateInc":0,"SplRateIncTax":0},{"SecCode":"DTAAOS","SplRatePercent":1,"SplRateInc":0,"SplRateIncTax":0}],"TotSplRateInc":0,"TotSplRateIncTax":0},"ScheduleAL":{"MovableAsset":{"DepositsInBank":2440928,"SharesAndSecurities":0,"InsurancePolicies":0,"LoansAndAdvancesGiven":0,"CashInHand":0,"JewelleryBullionEtc":0,"ArchCollDrawPaintSulpArt":0,"VehiclYachtsBoatsAircrafts":0},"LiabilityInRelatAssets":0},"PartB-TI":{"Salaries":38073263,"IncomeFromHP":0,"CapGain":{"ShortTerm":{"ShortTerm15Per":0,"ShortTerm30Per":0,"ShortTermAppRate":0,"ShortTermSplRateDTAA":0,"TotalShortTerm":0},"LongTerm":{"LongTerm10Per":0,"LongTerm20Per":0,"LongTermSplRateDTAA":0,"TotalLongTerm":0},"ShortTermLongTermTotal":0,"CapGains30Per115BBH":0,"TotalCapGains":0},"IncFromOS":{"OtherSrcThanOwnRaceHorse":8459,"IncChargblSplRate":0,"FromOwnRaceHorse":0,"TotIncFromOS":8459},"TotalTI":38081722,"CurrentYearLoss":0,"BalanceAfterSetoffLosses":38081722,"BroughtFwdLossesSetoff":0,"GrossTotalIncome":38081722,"IncChargeTaxSplRate111A112":0,"DeductionsUnderScheduleVIA":8459,"TotalIncome":38073260,"IncChargeableTaxSplRates":0,"NetAgricultureIncomeOrOtherIncomeForRate":0,"AggregateIncome":38073260,"LossesOfCurrentYearCarriedFwd":0,"DeemedIncomeUs115JC":38073260},"PartB_TTI":{"TaxPayDeemedTotIncUs115JC":0,"Surcharge":0,"HealthEduCess":0,"TotalTaxPayablDeemedTotInc":0,"ComputationOfTaxLiability":{"TaxPayableOnTI":{"TaxAtNormalRatesOnAggrInc":11234478,"TaxAtSpecialRates":0,"RebateOnAgriInc":0,"TaxPayableOnTotInc":11234478},"Rebate87A":0,"TaxPayableOnRebate":11234478,"Surcharge25ofSI":0,"SurchargeOnAboveCrore":2808620,"Surcharge25ofSIBeforeMarginal":0,"SurchargeOnAboveCroreBeforeMarginal":2808620,"TotalSurcharge":2808620,"EducationCess":561724,"GrossTaxLiability":14604822,"GrossTaxPayable":14604822,"GrossTaxPay":{"TaxInc17":14604822,"TaxDeferred17":0,"TaxDeferredPayableCY":0},"CreditUS115JD":0,"TaxPayAfterCreditUs115JD":14604822,"TaxRelief":{"Section89":0,"Section90":0,"Section91":0,"TotTaxRelief":0},"NetTaxLiability":14604822,"IntrstPay":{"IntrstPayUs234A":0,"IntrstPayUs234B":0,"IntrstPayUs234C":0,"LateFilingFee234F":0,"TotalIntrstPay":0},"AggregateTaxInterestLiability":14604822},"TaxPaid":{"TaxesPaid":{"AdvanceTax":0,"TDS":14604823,"TCS":0,"SelfAssessmentTax":0,"TotalTaxesPaid":14604823},"BalTaxPayable":0},"Refund":{"RefundDue":0,"BankAccountDtls":{"BankDtlsFlag":"Y","AddtnlBankDetails":[{"IFSCCode":"HSBC0400002","BankName":"HSBC","BankAccountNo":"006369391006","UseForRefund":"true"}]}},"AssetOutIndiaFlag":"NO"},"ScheduleTDS1":{"TDSonSalary":[{"EmployerOrDeductorOrCollectDetl":{"TAN":"MUMC28455A","EmployerOrDeductorOrCollecterName":"CIINFRA INDIA PRIVATE LIMITED"},"IncChrgSal":41055779,"TotalTDSSal":14604823}],"TotalTDSonSalaries":14604823},"ScheduleTCS":{"TotalSchTCS":0},"Verification":{"Declaration":{"AssesseeVerName":"LAURA LOPEZ SOTOMAYOR","FatherName":"VALENTIN LOPEZ PEREZ","AssesseeVerPAN":"PUIPS9865N"},"Capacity":"S"}}}}