{
  "ITR": {
    "ITR2": {
      "CreationInfo": {
        "SWVersionNo": "V1",
        "SWCreatedBy": "SW10002187",
        "JSONCreatedBy": "SW10002187",
        "JSONCreationDate": "2023-06-26",
        "IntermediaryCity": "Kolkata",
        "Digest": "lK6c046T+RCsAnXRnpFL+IZmqY3/GFmocCL2Ag8pWU8="
      },
      "Form_ITR2": {
        "FormName": "ITR-2",
        "Description": "For Individuals and HUFs not having income from profits and gains of business or profession",
        "AssessmentYear": "2023",
        "SchemaVer": "Ver1.0",
        "FormVer": "Ver1.0"
      },
      "PartA_GEN1": {
        "PersonalInfo": {
          "AssesseeName": {
            "FirstName": "SRIJON",
            "SurNameOrOrgName": "SIL"
          },
          "PAN": "CAPPS8176J",
          "Address": {
            "ResidenceNo": "85, AIKYATAN APART",
            "ResidenceName": "R K CHATTERJEE ROAD",
            "LocalityOrArea": "PO KASBA NR, C BANK INDIA",
            "CityOrTownOrDistrict": "KOLKATA",
            "StateCode": "32",
            "CountryCode": "91",
            "PinCode": 700042,
            "CountryCodeMobile": 91,
            "MobileNo": 9823837761,
            "EmailAddress": "SRIJON90@GMAIL.COM",
            "EmailAddressSec": "SRIJON@AMAZON.COM"
          },
          "DOB": "1990-04-19",
          "Status": "I",
          "AadhaarCardNo": "826303331249"
        },
        "FilingStatus": {
          "ReturnFileSec": 11,
          "NewTaxRegime": "N",
          "SeventhProvisio139": "N",
          "ResidentialStatus": "NRI",
          "ConditionsResStatus": "5",
          "JurisdictionResPrevYr": {
            "JurisdictionResPrevYrDtls": [
              {
                "JurisdictionResidence": "2",
                "TIN": "577711067"
              }
            ]
          },
          "TotalPrStayIndiaPrevYr": 157,
          "TotalPrStayIndia4PrecYr": 1426,
          "BenefitUs115HFlg": "N",
          "AsseseeRepFlg": "N",
          "PortugeseCC5A": "N",
          "FiiFpiFlag": "N",
          "CompDirectorPrvYrFlg": "N",
          "HeldUnlistedEqShrPrYrFlg": "N"
        }
      },
      "ScheduleS": {
        "Salaries": [
          {
            "NameOfEmployer": "Amazon Development Centre (India) Pvt Ltd",
            "NatureOfEmployment": "OTH",
            "TANofEmployer": "BLRA05499E",
            "AddressDetail": {
              "AddrDetail": "8Th & 9Th Floor, Raheja Mind Space Raheja Mind Space Bangalore Bangalore Karnataka ",
              "CityOrTownOrDistrict": "Bangalore",
              "StateCode": "15",
              "PinCode": 500081
            },
            "Salarys": {
              "GrossSalary": 5963304,
              "Salary": 4882837,
              "NatureOfSalary": {
                "OthersIncDtls": [
                  {
                    "NatureDesc": "1",
                    "OthAmount": 952463
                  },
                  {
                    "NatureDesc": "3",
                    "OthAmount": 7484
                  },
                  {
                    "NatureDesc": "4",
                    "OthAmount": 476231
                  },
                  {
                    "NatureDesc": "5",
                    "OthAmount": 198430
                  },
                  {
                    "NatureDesc": "7",
                    "OthAmount": 1
                  },
                  {
                    "NatureDesc": "8",
                    "OthAmount": 95246
                  },
                  {
                    "NatureDesc": "13",
                    "OthAmount": 587394
                  },
                  {
                    "NatureDesc": "16",
                    "OthAmount": 1668908
                  },
                  {
                    "NatureDesc": "OTH",
                    "OthNatOfInc": "Special Allowance",
                    "OthAmount": 861969
                  },
                  {
                    "NatureDesc": "OTH",
                    "OthNatOfInc": "Medical Allowance",
                    "OthAmount": 5847
                  },
                  {
                    "NatureDesc": "OTH",
                    "OthNatOfInc": "Transport Allowance",
                    "OthAmount": 18710
                  },
                  {
                    "NatureDesc": "OTH",
                    "OthNatOfInc": "AnnMeals",
                    "OthAmount": 9355
                  },
                  {
                    "NatureDesc": "OTH",
                    "OthNatOfInc": "Other Bonus",
                    "OthAmount": 799
                  }
                ]
              },
              "ValueOfPerquisites": 1080467,
              "NatureOfPerquisites": {
                "OthersIncDtls": [
                  {
                    "NatureDesc": "17",
                    "OthAmount": 1080467
                  }
                ]
              },
              "ProfitsinLieuOfSalary": 0,
              "IncomeNotified89A": 0,
              "IncomeNotifiedOther89A": 0,
              "IncomeNotifiedPrYr89A": 0
            }
          }
        ],
        "TotalGrossSalary": 5963304,
        "AllwncExtentExemptUs10": 887394,
        "AllwncExemptUs10": {
          "AllwncExemptUs10Dtls": [
            {
              "SalNatureDesc": "10(10AA)",
              "SalOthAmount": 300000
            },
            {
              "SalNatureDesc": "10(10)",
              "SalOthAmount": 587394
            }
          ]
        },
        "Increliefus89A": 0,
        "NetSalary": 5075910,
        "DeductionUS16": 51250,
        "DeductionUnderSection16ia": 50000,
        "EntertainmntalwncUs16ii": 0,
        "ProfessionalTaxUs16iii": 1250,
        "TotIncUnderHeadSalaries": 5024660
      },
      "ScheduleCGFor23": {
        "ShortTermCapGainFor23": {
          "EquityMFonSTT": [
            {
              "MFSectionCode": "1A",
              "EquityMFonSTTDtls": {
                "FullConsideration": 78513,
                "DeductSec48": {
                  "AquisitCost": 75682,
                  "ImproveCost": 0,
                  "ExpOnTrans": 0,
                  "TotalDedn": 75682
                },
                "BalanceCG": 2831,
                "LossSec94of7Or94of8": 0,
                "CapgainonAssets": 2831
              }
            }
          ],
          "NRITransacSec48Dtl": {
            "NRItaxSTTPaid": 0,
            "NRItaxSTTNotPaid": 0
          },
          "NRISecur115AD": {
            "FullValueConsdRecvUnqshr": 0,
            "FairMrktValueUnqshr": 0,
            "FullValueConsdSec50CA": 0,
            "FullValueConsdOthUnqshr": 0,
            "FullConsideration": 0,
            "DeductSec48": {
              "AquisitCost": 0,
              "ImproveCost": 0,
              "ExpOnTrans": 0,
              "TotalDedn": 0
            },
            "BalanceCG": 0,
            "LossSec94of7Or94of8": 0,
            "CapgainonAssets": 0
          },
          "SaleOnOtherAssets": {
            "FullValueConsdRecvUnqshr": 0,
            "FairMrktValueUnqshr": 0,
            "FullValueConsdSec50CA": 0,
            "FullValueConsdOthUnqshr": 0,
            "FullConsideration": 0,
            "DeductSec48": {
              "AquisitCost": 0,
              "ImproveCost": 0,
              "ExpOnTrans": 0,
              "TotalDedn": 0
            },
            "BalanceCG": 0,
            "LossSec94of7Or94of8": 0,
            "CapgainonAssets": 0
          },
          "UnutilizedStcgFlag": "X",
          "TotalAmtDeemedStcg": 0,
          "PassThrIncNatureSTCG": 0,
          "PassThrIncNatureSTCG15Per": 0,
          "PassThrIncNatureSTCG30Per": 0,
          "PassThrIncNatureSTCGAppRate": 0,
          "TotalAmtNotTaxUsDTAAStcg": 0,
          "TotalAmtTaxUsDTAAStcg": 0,
          "TotalSTCG": 2831
        },
        "LongTermCapGain23": {
          "SaleofBondsDebntr": {
            "FullConsideration": 0,
            "DeductSec48": {
              "AquisitCost": 0,
              "ImproveCost": 0,
              "ExpOnTrans": 0,
              "TotalDedn": 0
            },
            "BalanceCG": 0,
            "DeductionUs54F": 0,
            "CapgainonAssets": 0
          },
          "SaleOfEquityShareUs112A": {
            "BalanceCG": 5668,
            "DeductionUs54F": 0,
            "CapgainonAssets": 5668
          },
          "NRIProvisoSec48": {
            "LTCGWithoutBenefit": 0,
            "DeductionUs54F": 0,
            "BalanceCG": 0
          },
          "NRISaleOfEquityShareUs112A": {
            "BalanceCG": 0,
            "DeductionUs54F": 0,
            "CapgainonAssets": 0
          },
          "NRISaleofForeignAsset": {
            "SaleonSpecAsset": 0,
            "DednSpecAssetus115": 0,
            "BalonSpeciAsset": 0,
            "SaleOtherSpecAsset": 0,
            "DednOtherSpecAssetus115": 0,
            "BalOtherthanSpecAsset": 0
          },
          "SaleofAssetNA": {
            "FullValueConsdRecvUnqshr": 0,
            "FairMrktValueUnqshr": 0,
            "FullValueConsdSec50CA": 0,
            "FullValueConsdOthUnqshr": 0,
            "FullConsideration": 0,
            "DeductSec48": {
              "AquisitCost": 0,
              "ImproveCost": 0,
              "ExpOnTrans": 0,
              "TotalDedn": 0
            },
            "BalanceCG": 0,
            "DeductionUs54F": 0,
            "CapgainonAssets": 0
          },
          "UnutilizedLtcgFlag": "X",
          "TotalAmtDeemedLtcg": 0,
          "PassThrIncNatureLTCG": 0,
          "PassThrIncNatureLTCGUs112A": 0,
          "PassThrIncNatureLTCG10Per": 0,
          "PassThrIncNatureLTCG20Per": 0,
          "TotalAmtNotTaxUsDTAALtcg": 0,
          "TotalAmtTaxUsDTAALtcg": 0,
          "TotalLTCG": 5668
        },
        "SumOfCGIncm": 8499,
        "IncmFromVDATrnsf": 0,
        "TotScheduleCGFor23": 8499,
        "DeducClaimInfo": {
          "TotDeductClaim": 0
        },
        "CurrYrLosses": {
          "InLossSetOff": {
            "StclSetoff15Per": 0,
            "StclSetoff30Per": 0,
            "StclSetoffAppRate": 0,
            "StclSetoffDTAARate": 0,
            "LtclSetOff10Per": 0,
            "LtclSetOff20Per": 0,
            "LtclSetOffDTAARate": 0
          },
          "InStcg15Per": {
            "CurrYearIncome": 2831,
            "StclSetoff30Per": 0,
            "StclSetoffAppRate": 0,
            "StclSetoffDTAARate": 0,
            "CurrYrCapGain": 2831
          },
          "InStcg30Per": {
            "CurrYearIncome": 0,
            "StclSetoff15Per": 0,
            "StclSetoffAppRate": 0,
            "StclSetoffDTAARate": 0,
            "CurrYrCapGain": 0
          },
          "InStcgAppRate": {
            "CurrYearIncome": 0,
            "StclSetoff15Per": 0,
            "StclSetoff30Per": 0,
            "StclSetoffDTAARate": 0,
            "CurrYrCapGain": 0
          },
          "InStcgDTAARate": {
            "CurrYearIncome": 0,
            "StclSetoff15Per": 0,
            "StclSetoff30Per": 0,
            "StclSetoffAppRate": 0,
            "CurrYrCapGain": 0
          },
          "InLtcg10Per": {
            "CurrYearIncome": 5668,
            "StclSetoff15Per": 0,
            "StclSetoff30Per": 0,
            "StclSetoffAppRate": 0,
            "StclSetoffDTAARate": 0,
            "LtclSetOff20Per": 0,
            "LtclSetOffDTAARate": 0,
            "CurrYrCapGain": 5668
          },
          "InLtcg20Per": {
            "CurrYearIncome": 0,
            "StclSetoff15Per": 0,
            "StclSetoff30Per": 0,
            "StclSetoffAppRate": 0,
            "StclSetoffDTAARate": 0,
            "LtclSetOff10Per": 0,
            "LtclSetOffDTAARate": 0,
            "CurrYrCapGain": 0
          },
          "InLtcgDTAARate": {
            "CurrYearIncome": 0,
            "StclSetoff15Per": 0,
            "StclSetoff30Per": 0,
            "StclSetoffAppRate": 0,
            "StclSetoffDTAARate": 0,
            "LtclSetOff10Per": 0,
            "LtclSetOff20Per": 0,
            "CurrYrCapGain": 0
          },
          "TotLossSetOff": {
            "StclSetoff15Per": 0,
            "StclSetoff30Per": 0,
            "StclSetoffAppRate": 0,
            "StclSetoffDTAARate": 0,
            "LtclSetOff10Per": 0,
            "LtclSetOff20Per": 0,
            "LtclSetOffDTAARate": 0
          },
          "LossRemainSetOff": {
            "StclSetoff15Per": 0,
            "StclSetoff30Per": 0,
            "StclSetoffAppRate": 0,
            "StclSetoffDTAARate": 0,
            "LtclSetOff10Per": 0,
            "LtclSetOff20Per": 0,
            "LtclSetOffDTAARate": 0
          }
        },
        "AccruOrRecOfCG": {
          "ShortTermUnder15Per": {
            "DateRange": {
              "Upto15Of6": 2831,
              "Upto15Of9": 0,
              "Up16Of9To15Of12": 0,
              "Up16Of12To15Of3": 0,
              "Up16Of3To31Of3": 0
            }
          },
          "ShortTermUnder30Per": {
            "DateRange": {
              "Upto15Of6": 0,
              "Upto15Of9": 0,
              "Up16Of9To15Of12": 0,
              "Up16Of12To15Of3": 0,
              "Up16Of3To31Of3": 0
            }
          },
          "ShortTermUnderAppRate": {
            "DateRange": {
              "Upto15Of6": 0,
              "Upto15Of9": 0,
              "Up16Of9To15Of12": 0,
              "Up16Of12To15Of3": 0,
              "Up16Of3To31Of3": 0
            }
          },
          "ShortTermUnderDTAARate": {
            "DateRange": {
              "Upto15Of6": 0,
              "Upto15Of9": 0,
              "Up16Of9To15Of12": 0,
              "Up16Of12To15Of3": 0,
              "Up16Of3To31Of3": 0
            }
          },
          "LongTermUnder10Per": {
            "DateRange": {
              "Upto15Of6": 0,
              "Upto15Of9": 0,
              "Up16Of9To15Of12": 0,
              "Up16Of12To15Of3": 0,
              "Up16Of3To31Of3": 5668
            }
          },
          "LongTermUnder20Per": {
            "DateRange": {
              "Upto15Of6": 0,
              "Upto15Of9": 0,
              "Up16Of9To15Of12": 0,
              "Up16Of12To15Of3": 0,
              "Up16Of3To31Of3": 0
            }
          },
          "LongTermUnderDTAARate": {
            "DateRange": {
              "Upto15Of6": 0,
              "Upto15Of9": 0,
              "Up16Of9To15Of12": 0,
              "Up16Of12To15Of3": 0,
              "Up16Of3To31Of3": 0
            }
          },
          "VDATrnsfGainsUnder30Per": {
            "DateRange": {
              "Upto15Of6": 0,
              "Upto15Of9": 0,
              "Up16Of9To15Of12": 0,
              "Up16Of12To15Of3": 0,
              "Up16Of3To31Of3": 0
            }
          }
        }
      },
      "Schedule112A": {
        "Schedule112ADtls": [
          {
            "ShareOnOrBefore": "AE",
            "ISINCode": "INNOTREQUIRD",
            "ShareUnitName": "CONSOLIDATED",
            "NumSharesUnits": 0.0,
            "SalePricePerShareUnit": 0.0,
            "TotSaleValue": 27100,
            "CostAcqWithoutIndx": 21432,
            "AcquisitionCost": 21432.0,
            "LTCGBeforelowerB1B2": 0,
            "FairMktValuePerShareunit": 0.0,
            "TotFairMktValueCapAst": 0,
            "ExpExclCnctTransfer": 0.0,
            "TotalDeductions": 21432,
            "Balance": 5668
          }
        ],
        "SaleValue112A": 27100,
        "CostAcqWithoutIndx112A": 21432,
        "AcquisitionCost112A": 21432,
        "LTCGBeforelowerB1B2112A": 0,
        "FairMktValueCapAst112A": 0,
        "ExpExclCnctTransfer112A": 0,
        "Deductions112A": 21432,
        "Balance112A": 5668
      },
      "ScheduleOS": {
        "IncOthThanOwnRaceHorse": {
          "GrossIncChrgblTaxAtAppRate": 17506,
          "DividendGross": 0,
          "DividendOthThan22e": 0,
          "Dividend22e": 0,
          "InterestGross": 17506,
          "IntrstFrmSavingBank": 16633,
          "IntrstFrmTermDeposit": 873,
          "IntrstFrmIncmTaxRefund": 0,
          "NatofPassThrghIncome": 0,
          "IntrstSec10XIFirstProviso": 0,
          "IntrstSec10XISecondProviso": 0,
          "IntrstSec10XIIFirstProviso": 0,
          "IntrstSec10XIISecondProviso": 0,
          "IntrstFrmOthers": 0,
          "RentFromMachPlantBldgs": 0,
          "Tot562x": 0,
          "Aggrtvaluewithoutcons562x": 0,
          "Immovpropwithoutcons562x": 0,
          "Immovpropinadeqcons562x": 0,
          "Anyotherpropwithoutcons562x": 0,
          "Anyotherpropinadeqcons562x": 0,
          "FamilyPension": 0,
          "IncomeNotified89AOS": 0,
          "IncomeNotifiedOther89AOS": 0,
          "IncomeNotifiedPrYr89AOS": 0,
          "AnyOtherIncome": 0,
          "IncChargeableSpecialRates": 3712,
          "LtryPzzlChrgblUs115BB": 0,
          "IncChrgblUs115BBE": 0,
          "CashCreditsUs68": 0,
          "UnExplndInvstmntsUs69": 0,
          "UnExplndMoneyUs69A": 0,
          "UnDsclsdInvstmntsUs69B": 0,
          "UnExplndExpndtrUs69C": 0,
          "AmtBrwdRepaidOnHundiUs69D": 0,
          "TaxAccumulatedBalRecPF": {
            "TotalIncomeBenefit": 0,
            "TotalTaxBenefit": 0
          },
          "OthersGross": 3712,
          "OthersGrossDtls": [
            {
              "SourceDescription": "5A1ai",
              "SourceAmount": 3712
            }
          ],
          "PassThrIncOSChrgblSplRate": 0,
          "IncChargblSplRateOS": {
            "TotalAmtTaxUsDTAASchOs": 0
          },
          "Deductions": {
            "Expenses": 0,
            "IntExp57": 0,
            "DeductionUs57iia": 0,
            "Depreciation": 0,
            "TotDeductions": 0
          },
          "AmtNotDeductibleUs58": 0,
          "ProfitChargTaxUs59": 0,
          "BalanceNoRaceHorse": 17506
        },
        "TotOthSrcNoRaceHorse": 21218,
        "IncFromOwnHorse": {
          "Receipts": 0,
          "DeductSec57": 0,
          "AmtNotDeductibleUs58": 0,
          "ProfitChargTaxUs59": 0,
          "BalanceOwnRaceHorse": 0
        },
        "IncChargeable": 21218,
        "IncFrmLottery": {
          "DateRange": {
            "Upto15Of6": 0,
            "Upto15Of9": 0,
            "Up16Of9To15Of12": 0,
            "Up16Of12To15Of3": 0,
            "Up16Of3To31Of3": 0
          }
        },
        "DividendIncUs115BBDA": {
          "DateRange": {
            "Upto15Of6": 0,
            "Upto15Of9": 0,
            "Up16Of9To15Of12": 0,
            "Up16Of12To15Of3": 0,
            "Up16Of3To31Of3": 0
          }
        },
        "DividendIncUs115A1ai": {
          "DateRange": {
            "Upto15Of6": 3712,
            "Upto15Of9": 0,
            "Up16Of9To15Of12": 0,
            "Up16Of12To15Of3": 0,
            "Up16Of3To31Of3": 0
          }
        },
        "DividendIncUs115AC": {
          "DateRange": {
            "Upto15Of6": 0,
            "Upto15Of9": 0,
            "Up16Of9To15Of12": 0,
            "Up16Of12To15Of3": 0,
            "Up16Of3To31Of3": 0
          }
        },
        "DividendIncUs115ACA": {
          "DateRange": {
            "Upto15Of6": 0,
            "Upto15Of9": 0,
            "Up16Of9To15Of12": 0,
            "Up16Of12To15Of3": 0,
            "Up16Of3To31Of3": 0
          }
        },
        "DividendIncUs115AD1i": {
          "DateRange": {
            "Upto15Of6": 0,
            "Upto15Of9": 0,
            "Up16Of9To15Of12": 0,
            "Up16Of12To15Of3": 0,
            "Up16Of3To31Of3": 0
          }
        },
        "DividendDTAA": {
          "DateRange": {
            "Upto15Of6": 0,
            "Upto15Of9": 0,
            "Up16Of9To15Of12": 0,
            "Up16Of12To15Of3": 0,
            "Up16Of3To31Of3": 0
          }
        },
        "NOT89A": {
          "DateRange": {
            "Upto15Of6": 0,
            "Upto15Of9": 0,
            "Up16Of9To15Of12": 0,
            "Up16Of12To15Of3": 0,
            "Up16Of3To31Of3": 0
          }
        }
      },
      "ScheduleCYLA": {
        "CYLAEditFlag": "N",
        "Salary": {
          "IncCYLA": {
            "IncOfCurYrUnderThatHead": 5024660,
            "HPlossCurYrSetoff": 0,
            "OthSrcLossNoRaceHorseSetoff": 0,
            "IncOfCurYrAfterSetOff": 5024660
          }
        },
        "HP": {
          "IncCYLA": {
            "IncOfCurYrUnderThatHead": 0,
            "OthSrcLossNoRaceHorseSetoff": 0,
            "IncOfCurYrAfterSetOff": 0
          }
        },
        "STCG15Per": {
          "IncCYLA": {
            "IncOfCurYrUnderThatHead": 2831,
            "HPlossCurYrSetoff": 0,
            "OthSrcLossNoRaceHorseSetoff": 0,
            "IncOfCurYrAfterSetOff": 2831
          }
        },
        "STCG30Per": {
          "IncCYLA": {
            "IncOfCurYrUnderThatHead": 0,
            "HPlossCurYrSetoff": 0,
            "OthSrcLossNoRaceHorseSetoff": 0,
            "IncOfCurYrAfterSetOff": 0
          }
        },
        "STCGAppRate": {
          "IncCYLA": {
            "IncOfCurYrUnderThatHead": 0,
            "HPlossCurYrSetoff": 0,
            "OthSrcLossNoRaceHorseSetoff": 0,
            "IncOfCurYrAfterSetOff": 0
          }
        },
        "STCGDTAARate": {
          "IncCYLA": {
            "IncOfCurYrUnderThatHead": 0,
            "HPlossCurYrSetoff": 0,
            "OthSrcLossNoRaceHorseSetoff": 0,
            "IncOfCurYrAfterSetOff": 0
          }
        },
        "LTCG10Per": {
          "IncCYLA": {
            "IncOfCurYrUnderThatHead": 5668,
            "HPlossCurYrSetoff": 0,
            "OthSrcLossNoRaceHorseSetoff": 0,
            "IncOfCurYrAfterSetOff": 5668
          }
        },
        "LTCG20Per": {
          "IncCYLA": {
            "IncOfCurYrUnderThatHead": 0,
            "HPlossCurYrSetoff": 0,
            "OthSrcLossNoRaceHorseSetoff": 0,
            "IncOfCurYrAfterSetOff": 0
          }
        },
        "LTCGDTAARate": {
          "IncCYLA": {
            "IncOfCurYrUnderThatHead": 0,
            "HPlossCurYrSetoff": 0,
            "OthSrcLossNoRaceHorseSetoff": 0,
            "IncOfCurYrAfterSetOff": 0
          }
        },
        "OthSrcExclRaceHorse": {
          "IncCYLA": {
            "IncOfCurYrUnderThatHead": 17506,
            "HPlossCurYrSetoff": 0,
            "IncOfCurYrAfterSetOff": 17506
          }
        },
        "OthSrcRaceHorse": {
          "IncCYLA": {
            "IncOfCurYrUnderThatHead": 0,
            "HPlossCurYrSetoff": 0,
            "OthSrcLossNoRaceHorseSetoff": 0,
            "IncOfCurYrAfterSetOff": 0
          }
        },
        "TotalCurYr": {
          "TotHPlossCurYr": 0,
          "TotOthSrcLossNoRaceHorse": 0
        },
        "TotalLossSetOff": {
          "TotHPlossCurYrSetoff": 0,
          "TotOthSrcLossNoRaceHorseSetoff": 0
        },
        "LossRemAftSetOff": {
          "BalHPlossCurYrAftSetoff": 0,
          "BalOthSrcLossNoRaceHorseAftSetoff": 0
        }
      },
      "ScheduleBFLA": {
        "BFLAEditFlag": "N",
        "Salary": {
          "IncBFLA": {
            "IncOfCurYrUndHeadFromCYLA": 5024660,
            "IncOfCurYrAfterSetOffBFLosses": 5024660
          }
        },
        "HP": {
          "IncBFLA": {
            "IncOfCurYrUndHeadFromCYLA": 0,
            "BFlossPrevYrUndSameHeadSetoff": 0,
            "IncOfCurYrAfterSetOffBFLosses": 0
          }
        },
        "STCG15Per": {
          "IncBFLA": {
            "IncOfCurYrUndHeadFromCYLA": 2831,
            "BFlossPrevYrUndSameHeadSetoff": 0,
            "IncOfCurYrAfterSetOffBFLosses": 2831
          }
        },
        "STCG30Per": {
          "IncBFLA": {
            "IncOfCurYrUndHeadFromCYLA": 0,
            "BFlossPrevYrUndSameHeadSetoff": 0,
            "IncOfCurYrAfterSetOffBFLosses": 0
          }
        },
        "STCGAppRate": {
          "IncBFLA": {
            "IncOfCurYrUndHeadFromCYLA": 0,
            "BFlossPrevYrUndSameHeadSetoff": 0,
            "IncOfCurYrAfterSetOffBFLosses": 0
          }
        },
        "STCGDTAARate": {
          "IncBFLA": {
            "IncOfCurYrUndHeadFromCYLA": 0,
            "BFlossPrevYrUndSameHeadSetoff": 0,
            "IncOfCurYrAfterSetOffBFLosses": 0
          }
        },
        "LTCG10Per": {
          "IncBFLA": {
            "IncOfCurYrUndHeadFromCYLA": 5668,
            "BFlossPrevYrUndSameHeadSetoff": 0,
            "IncOfCurYrAfterSetOffBFLosses": 5668
          }
        },
        "LTCG20Per": {
          "IncBFLA": {
            "IncOfCurYrUndHeadFromCYLA": 0,
            "BFlossPrevYrUndSameHeadSetoff": 0,
            "IncOfCurYrAfterSetOffBFLosses": 0
          }
        },
        "LTCGDTAARate": {
          "IncBFLA": {
            "IncOfCurYrUndHeadFromCYLA": 0,
            "BFlossPrevYrUndSameHeadSetoff": 0,
            "IncOfCurYrAfterSetOffBFLosses": 0
          }
        },
        "OthSrcExclRaceHorse": {
          "IncBFLA": {
            "IncOfCurYrUndHeadFromCYLA": 17506,
            "IncOfCurYrAfterSetOffBFLosses": 17506
          }
        },
        "OthSrcRaceHorse": {
          "IncBFLA": {
            "IncOfCurYrUndHeadFromCYLA": 0,
            "BFlossPrevYrUndSameHeadSetoff": 0,
            "IncOfCurYrAfterSetOffBFLosses": 0
          }
        },
        "TotalBFLossSetOff": {
          "TotBFLossSetoff": 0
        },
        "IncomeOfCurrYrAftCYLABFLA": 5050665
      },
      "ScheduleVIA": {
        "UsrDeductUndChapVIA": {
          "Section80C": 170512,
          "Section80CCC": 0,
          "Section80CCDEmployeeOrSE": 0,
          "Section80CCD1B": 50000,
          "Section80CCDEmployer": 95246,
          "Section80D": 0,
          "Section80DD": 0,
          "Section80DDB": 0,
          "Section80E": 0,
          "Section80EE": 0,
          "Section80EEA": 0,
          "Section80EEB": 0,
          "Section80G": 0,
          "Section80GG": 0,
          "Section80GGA": 0,
          "Section80GGC": 0,
          "Section80U": 0,
          "Section80RRB": 0,
          "Section80QQB": 0,
          "Section80TTA": 16633,
          "Section80TTB": 0,
          "AnyOthSec80CCH": 0,
          "TotalChapVIADeductions": 332391
        },
        "DeductUndChapVIA": {
          "Section80C": 150000,
          "Section80CCC": 0,
          "Section80CCDEmployeeOrSE": 0,
          "Section80CCD1B": 50000,
          "Section80CCDEmployer": 95246,
          "Section80D": 0,
          "Section80DD": 0,
          "Section80DDB": 0,
          "Section80E": 0,
          "Section80EE": 0,
          "Section80EEA": 0,
          "Section80EEB": 0,
          "Section80G": 0,
          "Section80GG": 0,
          "Section80GGA": 0,
          "Section80GGC": 0,
          "Section80U": 0,
          "Section80RRB": 0,
          "Section80QQB": 0,
          "Section80TTA": 10000,
          "Section80TTB": 0,
          "AnyOthSec80CCH": 0,
          "TotalChapVIADeductions": 305246
        }
      },
      "Schedule80D": {
        "Sec80DSelfFamSrCtznHealth": {
          "SeniorCitizenFlag": "N",
          "SelfAndFamily": 0,
          "SelfAndFamilySeniorCitizen": 0,
          "ParentsSeniorCitizenFlag": "N",
          "Parents": 0,
          "ParentsSeniorCitizen": 0,
          "EligibleAmountOfDedn": 0
        }
      },
      "ScheduleAMT": {
        "TotalIncItemPartBTI": 4749130,
        "DeductionClaimUndrAnySec": 0,
        "AdjustedUnderSec115JC": 4749130,
        "TaxPayableUnderSec115JC": 0
      },
      "ScheduleAMTC": {
        "TaxSection115JC": 0,
        "TaxOthProvisions": 1284133,
        "AmtTaxCreditAvailable": 1284133,
        "ScheduleAMTCDtls": [
          {
            "AssYr": "2015-16",
            "Gross": 0,
            "AmtCreditSetOfEy": 0,
            "AmtCreditBalBroughtFwd": 0,
            "AmtCreditUtilized": 0,
            "BalAmtCreditCarryFwd": 0
          },
          {
            "AssYr": "2016-17",
            "Gross": 0,
            "AmtCreditSetOfEy": 0,
            "AmtCreditBalBroughtFwd": 0,
            "AmtCreditUtilized": 0,
            "BalAmtCreditCarryFwd": 0
          },
          {
            "AssYr": "2017-18",
            "Gross": 0,
            "AmtCreditSetOfEy": 0,
            "AmtCreditBalBroughtFwd": 0,
            "AmtCreditUtilized": 0,
            "BalAmtCreditCarryFwd": 0
          },
          {
            "AssYr": "2018-19",
            "Gross": 0,
            "AmtCreditSetOfEy": 0,
            "AmtCreditBalBroughtFwd": 0,
            "AmtCreditUtilized": 0,
            "BalAmtCreditCarryFwd": 0
          },
          {
            "AssYr": "2019-20",
            "Gross": 0,
            "AmtCreditSetOfEy": 0,
            "AmtCreditBalBroughtFwd": 0,
            "AmtCreditUtilized": 0,
            "BalAmtCreditCarryFwd": 0
          },
          {
            "AssYr": "2020-21",
            "Gross": 0,
            "AmtCreditSetOfEy": 0,
            "AmtCreditBalBroughtFwd": 0,
            "AmtCreditUtilized": 0,
            "BalAmtCreditCarryFwd": 0
          },
          {
            "AssYr": "2021-22",
            "Gross": 0,
            "AmtCreditSetOfEy": 0,
            "AmtCreditBalBroughtFwd": 0,
            "AmtCreditUtilized": 0,
            "BalAmtCreditCarryFwd": 0
          }
        ],
        "CurrYrAmtCreditFwd": 0,
        "CurrYrCreditCarryFwd": 0,
        "TotAMTGross": 0,
        "TotSetOffEys": 0,
        "TotBalBF": 0,
        "TotAmtCreditUtilisedCY": 0,
        "TotBalAMTCreditCF": 0,
        "TaxSection115JD": 0,
        "AmtLiabilityAvailable": 0
      },
      "ScheduleSI": {
        "SplCodeRateTax": [
          {
            "SecCode": "1",
            "SplRatePercent": 1,
            "SplRateInc": 0,
            "SplRateIncTax": 0
          },
          {
            "SecCode": "1A",
            "SplRatePercent": 15,
            "SplRateInc": 2831,
            "SplRateIncTax": 425
          },
          {
            "SecCode": "21",
            "SplRatePercent": 20,
            "SplRateInc": 0,
            "SplRateIncTax": 0
          },
          {
            "SecCode": "22",
            "SplRatePercent": 10,
            "SplRateInc": 0,
            "SplRateIncTax": 0
          },
          {
            "SecCode": "21ciii",
            "SplRatePercent": 10,
            "SplRateInc": 0,
            "SplRateIncTax": 0
          },
          {
            "SecCode": "2A",
            "SplRatePercent": 10,
            "SplRateInc": 5668,
            "SplRateIncTax": 0
          },
          {
            "SecCode": "5A1ai",
            "SplRatePercent": 20,
            "SplRateInc": 3712,
            "SplRateIncTax": 742
          },
          {
            "SecCode": "5ADii",
            "SplRatePercent": 30,
            "SplRateInc": 0,
            "SplRateIncTax": 0
          },
          {
            "SecCode": "5A1aiiac",
            "SplRatePercent": 5,
            "SplRateInc": 0,
            "SplRateIncTax": 0
          },
          {
            "SecCode": "5BB",
            "SplRatePercent": 30,
            "SplRateInc": 0,
            "SplRateIncTax": 0
          },
          {
            "SecCode": "DTAASTCG",
            "SplRatePercent": 1,
            "SplRateInc": 0,
            "SplRateIncTax": 0
          },
          {
            "SecCode": "DTAALTCG",
            "SplRatePercent": 1,
            "SplRateInc": 0,
            "SplRateIncTax": 0
          },
          {
            "SecCode": "DTAAOS",
            "SplRatePercent": 1,
            "SplRateInc": 0,
            "SplRateIncTax": 0
          }
        ],
        "TotSplRateInc": 12211,
        "TotSplRateIncTax": 1167
      },
      "ScheduleEI": {
        "InterestInc": 30613,
        "GrossAgriRecpt": 0,
        "NetAgriIncOrOthrIncRule7": 0,
        "Others": 0,
        "IncNotChrgblToTax": 0,
        "PassThrIncNotChrgblTax": 0,
        "TotalExemptInc": 30613
      },
      "ScheduleAL": {
        "MovableAsset": {
          "DepositsInBank": 1111261,
          "SharesAndSecurities": 827017,
          "InsurancePolicies": 222825,
          "LoansAndAdvancesGiven": 0,
          "CashInHand": 500,
          "JewelleryBullionEtc": 0,
          "ArchCollDrawPaintSulpArt": 0,
          "VehiclYachtsBoatsAircrafts": 0
        },
        "LiabilityInRelatAssets": 0
      },
      "PartB-TI": {
        "Salaries": 5024660,
        "IncomeFromHP": 0,
        "CapGain": {
          "ShortTerm": {
            "ShortTerm15Per": 2831,
            "ShortTerm30Per": 0,
            "ShortTermAppRate": 0,
            "ShortTermSplRateDTAA": 0,
            "TotalShortTerm": 2831
          },
          "LongTerm": {
            "LongTerm10Per": 5668,
            "LongTerm20Per": 0,
            "LongTermSplRateDTAA": 0,
            "TotalLongTerm": 5668
          },
          "ShortTermLongTermTotal": 8499,
          "CapGains30Per115BBH": 0,
          "TotalCapGains": 8499
        },
        "IncFromOS": {
          "OtherSrcThanOwnRaceHorse": 17506,
          "IncChargblSplRate": 3712,
          "FromOwnRaceHorse": 0,
          "TotIncFromOS": 21218
        },
        "TotalTI": 5054377,
        "CurrentYearLoss": 0,
        "BalanceAfterSetoffLosses": 5054377,
        "BroughtFwdLossesSetoff": 0,
        "GrossTotalIncome": 5054377,
        "IncChargeTaxSplRate111A112": 12211,
        "DeductionsUnderScheduleVIA": 305246,
        "TotalIncome": 4749130,
        "IncChargeableTaxSplRates": 12211,
        "NetAgricultureIncomeOrOtherIncomeForRate": 0,
        "AggregateIncome": 4736919,
        "LossesOfCurrentYearCarriedFwd": 0,
        "DeemedIncomeUs115JC": 4749130
      },
      "PartB_TTI": {
        "TaxPayDeemedTotIncUs115JC": 0,
        "Surcharge": 0,
        "HealthEduCess": 0,
        "TotalTaxPayablDeemedTotInc": 0,
        "ComputationOfTaxLiability": {
          "TaxPayableOnTI": {
            "TaxAtNormalRatesOnAggrInc": 1233576,
            "TaxAtSpecialRates": 1167,
            "RebateOnAgriInc": 0,
            "TaxPayableOnTotInc": 1234743
          },
          "Rebate87A": 0,
          "TaxPayableOnRebate": 1234743,
          "Surcharge25ofSI": 0,
          "SurchargeOnAboveCrore": 0,
          "Surcharge25ofSIBeforeMarginal": 0,
          "SurchargeOnAboveCroreBeforeMarginal": 0,
          "TotalSurcharge": 0,
          "EducationCess": 49390,
          "GrossTaxLiability": 1284133,
          "GrossTaxPayable": 1284133,
          "GrossTaxPay": {
            "TaxInc17": 1284133,
            "TaxDeferred17": 0,
            "TaxDeferredPayableCY": 0
          },
          "CreditUS115JD": 0,
          "TaxPayAfterCreditUs115JD": 1284133,
          "TaxRelief": {
            "Section89": 0,
            "Section90": 0,
            "Section91": 0,
            "TotTaxRelief": 0
          },
          "NetTaxLiability": 1284133,
          "IntrstPay": {
            "IntrstPayUs234A": 0,
            "IntrstPayUs234B": 0,
            "IntrstPayUs234C": 0,
            "LateFilingFee234F": 0,
            "TotalIntrstPay": 0
          },
          "AggregateTaxInterestLiability": 1284133
        },
        "TaxPaid": {
          "TaxesPaid": {
            "AdvanceTax": 0,
            "TDS": 1280577,
            "TCS": 0,
            "SelfAssessmentTax": 0,
            "TotalTaxesPaid": 1280577
          },
          "BalTaxPayable": 3560
        },
        "Refund": {
          "RefundDue": 0,
          "BankAccountDtls": {
            "BankDtlsFlag": "Y",
            "AddtnlBankDetails": [
              {
                "IFSCCode": "UTIB0000011",
                "BankName": "Axis Bank",
                "BankAccountNo": "011010100356251",
                "UseForRefund": "false"
              },
              {
                "IFSCCode": "CITI0000006",
                "BankName": "CITI Bank",
                "BankAccountNo": "5348943556",
                "UseForRefund": "false"
              },
              {
                "IFSCCode": "HDFC0000509",
                "BankName": "HDFC Bank Ltd",
                "BankAccountNo": "50100230680384",
                "UseForRefund": "false"
              },
              {
                "IFSCCode": "DBSS0IN0811",
                "BankName": "DBS Bank Ltd",
                "BankAccountNo": "881015285164",
                "UseForRefund": "false"
              },
              {
                "IFSCCode": "SBIN0001486",
                "BankName": "State Bank of India",
                "BankAccountNo": "00000032804537580",
                "UseForRefund": "true"
              }
            ]
          }
        },
        "AssetOutIndiaFlag": "NO"
      },
      "ScheduleTDS1": {
        "TDSonSalary": [
          {
            "EmployerOrDeductorOrCollectDetl": {
              "TAN": "BLRA05499E",
              "EmployerOrDeductorOrCollecterName": "Amazon Development Centre (India) Pvt Ltd"
            },
            "IncChrgSal": 5963304,
            "TotalTDSSal": 1280577
          }
        ],
        "TotalTDSonSalaries": 1280577
      },
      "ScheduleTCS": {
        "TotalSchTCS": 0
      },
      "Verification": {
        "Declaration": {
          "AssesseeVerName": "SRIJON  SIL",
          "FatherName": "APURBA SIL",
          "AssesseeVerPAN": "CAPPS8176J"
        },
        "Capacity": "S"
      }
    }
  }
}